id,create_at,update_at,delete_at,team_id,type,display_name,name,header,purpose,last_post_at,total_msg_count,extra_update_at,creator_id,scheme_id,props,group_constrained,shared,total_msg_count_root,policy_id,last_root_post_at
1d9pre7d8p8utxwqx34jkjzdph,1680602627122,1680602627122,0,"",D,"",5gu7g935o3yyx8gndk36qzbixw__d7b689p3gb8buyupw5d5phrxgo,"","",0,0,0,d7b689p3gb8buyupw5d5phrxgo,,,,false,0,,0
8j8dbaodwj85dnc7ihdzszah9c,1675348871951,1675348871951,0,"",D,"",d7b689p3gb8buyupw5d5phrxgo__i3phozbokir4icz3x3jcj3985a,"","",1676003154473,1,0,i3phozbokir4icz3x3jcj3985a,,,,false,1,,1676003154473
8q9auybaefg37dxbtbcp61h6zy,1677558437381,1677558437381,0,"",D,"",d7b689p3gb8buyupw5d5phrxgo__qjydyiytnjgnpqfk44jfh1wm8h,"","",0,0,0,qjydyiytnjgnpqfk44jfh1wm8h,,,,false,0,,0
arrkzmdzkjnrtgoxpikrhu6aew,1675536228438,1675536228438,0,"",D,"",1m718tirfty7bpfsyswqsha3na__d7b689p3gb8buyupw5d5phrxgo,"","",0,0,0,d7b689p3gb8buyupw5d5phrxgo,,,,false,0,,0
61o8rz46g7rzjrfpmdfm3w7h5e,1681781646546,1681781646546,0,"",D,"",d7b689p3gb8buyupw5d5phrxgo__k7hdf8wqzpb8i8jgb4tfneby1a,"","",1681783357385,3,0,d7b689p3gb8buyupw5d5phrxgo,,,,false,3,,1681783357385
capackw17ibe3ewxrha4b9juta,1674889020907,1674889020907,0,"",D,"",41rk1jxtfpg97kbu9g1uq3bhpo__d7b689p3gb8buyupw5d5phrxgo,"","",1679802236530,35,0,41rk1jxtfpg97kbu9g1uq3bhpo,,,,false,18,,1679802236530
iiktk34d7j8du8apyzmw9o5bee,1681232780020,1681232780020,0,"",D,"",d7b689p3gb8buyupw5d5phrxgo__j9ruu9pjfibeuytgyrm3ubrr7c,"","",0,0,0,d7b689p3gb8buyupw5d5phrxgo,,,,false,0,,0
m4wsweb7rjf6dgxcb6fn7hmooy,1680678416734,1680678416734,0,"",D,"",d7b689p3gb8buyupw5d5phrxgo__puxjy65h5pdo98g9bfxoq8ayrh,"","",1680679266658,2,0,d7b689p3gb8buyupw5d5phrxgo,,,,false,2,,1680679253915
qb8rr5tqzpgbtx5yr64mh96uiy,1676134626928,1676134626928,0,"",D,"",d7b689p3gb8buyupw5d5phrxgo__xusab399xjynmnp19xk4drt5nh,"","",0,0,0,d7b689p3gb8buyupw5d5phrxgo,,,,false,0,,0
qbir56g65pghidey6mbfx8n33y,1680689094636,1680689094636,0,"",D,"",3o9s3e4777ncunbstypwn5f9oy__d7b689p3gb8buyupw5d5phrxgo,"","",0,0,0,3o9s3e4777ncunbstypwn5f9oy,,,,false,0,,0
s1g563ettjdz8cwh965xe5k7de,1675409592019,1675409592019,0,"",D,"",axu5s6irhjneuyruhuqjjapq7c__d7b689p3gb8buyupw5d5phrxgo,"","",1675557830327,3,0,axu5s6irhjneuyruhuqjjapq7c,,,,false,3,,1675557830327
t9t3tya9otrjpq8hkgb3hmu4ma,1679803705757,1679803705757,0,"",D,"",d7b689p3gb8buyupw5d5phrxgo__s7d3r67otjrkpxtxwhnh93hb4o,"","",0,0,0,d7b689p3gb8buyupw5d5phrxgo,,,,false,0,,0
uzx5suhjjidixdjzdkfdj7w6jh,1674885921253,1680499745534,0,"",D,"",d7b689p3gb8buyupw5d5phrxgo__d7b689p3gb8buyupw5d5phrxgo,"","",1681867803130,78,0,d7b689p3gb8buyupw5d5phrxgo,,,,false,78,,1681867803130
cu69ts5f8bdr8mwdwtx4i8dggo,1617863110178,1671079574388,0,dkhmcuy1rtbe9e413ysj641uqa,O,00_å…¬å¼ãŠçŸ¥ã‚‰ã›,announcement,"RUNTEQã‹ã‚‰ã®å…¬å¼ã®ãŠçŸ¥ã‚‰ã›ã¯ã“ã¡ã‚‰ã®ãƒãƒ£ãƒ³ãƒãƒ«ã‹ã‚‰ç™ºä¿¡ã•ã›ã¦ã„ãŸã ãã¾ã™ï¼
åŸå‰‡ã€ã“ã¡ã‚‰ã®æŠ•ç¨¿ã¯é‹å–¶ã®ã¿ã¨ãªã‚Šã¾ã™ã®ã§ã€ä½•ã‹ã”è³ªå•ãªã©ã‚ã‚Œã°é‹å–¶ç›¸è«‡éƒ¨å±‹ã«æŠ•ç¨¿ãŠé¡˜ã„ã„ãŸã—ã¾ã™ï¼","",1681991256016,596,0,"",,,,,1305,,1681991256016
j1kn1dfoz7fw3ytweu5kf5rd4r,1617866639493,1645160945617,0,dkhmcuy1rtbe9e413ysj641uqa,O,01_ã‚¤ãƒ™ãƒ³ãƒˆãŠçŸ¥ã‚‰ã›,cllgy5sa2,"ã‚¤ãƒ™ãƒ³ãƒˆã«é–¢ã™ã‚‹ãŠçŸ¥ã‚‰ã›ãŒã‚ã‚‹å ´åˆã¯ã“ã“ã‹ã‚‰è¡Œã„ã¾ã™ğŸ“£
åŸå‰‡ã€ã“ã¡ã‚‰ã®æŠ•ç¨¿ã¯é‹å–¶ã®ã¿ã¨ãªã‚Šã¾ã™ã®ã§ã€ä½•ã‹ã”è³ªå•ãªã©ã‚ã‚Œã°é‹å–¶ç›¸è«‡éƒ¨å±‹ã«æŠ•ç¨¿ãŠé¡˜ã„ã„ãŸã—ã¾ã™ï¼
ã‚¤ãƒ™ãƒ³ãƒˆã‚«ãƒ¬ãƒ³ãƒ€ãƒ¼ã¯[ã“ã¡ã‚‰](https://school.runteq.jp/v2/runteq_events)ã‚’ãƒã‚§ãƒƒã‚¯

**éå»ã‚¤ãƒ™ãƒ³ãƒˆå‹•ç”»**

- [å‹‰å¼·ä¼š/æŠ€è¡“ç³»](https://youtube.com/playlist?list=PL_AwMQIXyglgD_0MA2oQ4YTTtMMnV1GcQ)

- [å‹‰å¼·ä¼š/å°±æ´»ã€PFã€LTä¼š](https://youtube.com/playlist?list=PL_AwMQIXygliaAU9iO3X35IdpkHL_gbW-)
â€»å†ç”Ÿãƒªã‚¹ãƒˆã¯æŒã¡å‡ºã—ç¦æ­¢ã§ã™ï¼
","å…¨ä½“å‘ã‘ã®ãŠçŸ¥ã‚‰ã›ãŒã‚ã‚‹å ´åˆã¯ã“ã“ã‹ã‚‰è¡Œã„ã¾ã™
ã‚¤ãƒ™ãƒ³ãƒˆã‚«ãƒ¬ãƒ³ãƒ€ãƒ¼
<https://calendar.google.com/calendar/u/0/embed?src=startup-technology.com_ckrvpl944fdlk1j958hmjp2gn8@group.calendar.google.com&amp;ctz=Asia/Tokyo>
é›‘ã«è³ªå•ã—ãŸã„æ–¹ã¯ã“ã¡ã‚‰ã¸
<https://loving-kirch-99348e.netlify.app/>",1682046306517,3751,0,"",,,,,3554,,1682046306517
zrhpo7oz5ibqtgsghwj4554p3a,1617874813224,1646039523544,0,dkhmcuy1rtbe9e413ysj641uqa,O,02_é‹å–¶ç›¸è«‡éƒ¨å±‹,c01bpgmjcr2,"é‹å–¶ãƒãƒ¼ãƒ ã«ç›¸è«‡ãŒã‚ã‚‹æ–¹ã€èª°ã«èã„ã¦ã„ã„ã‹ã‚ã‹ã‚‰ãªã„å ´åˆãªã©ã¯ãŠæ°—è»½ã«ã”åˆ©ç”¨ãã ã•ã„ï¼ğŸ’ª

ex]åœŸæ—¥ã«ä½•ã‹ãŠå›°ã‚Šã®æ–¹ã€RUNTEQå­¦ç¿’ã‚¢ãƒ—ãƒªã«ä¸å…·åˆãŒèµ·ããŸã€€ãªã©","",1682083611240,3126,0,"",,,,,2414,,1682076697701
3wzedy16x3ygxxnoq7es1yi5ir,1617865931047,1675939605009,0,dkhmcuy1rtbe9e413ysj641uqa,O,03_è‡ªå·±ç´¹ä»‹,cl70x699r,"RUNTEQã¸ã‚ˆã†ã“ãï¼ï¼ğŸ‘
åˆã‚ã¦å‚åŠ ã•ã‚ŒãŸæ–¹ã¯è‡ªå·±ç´¹ä»‹ã‚’ãŠé¡˜ã„ã—ã¾ã™ğŸ‰

**ï¼ˆ1ï¼‰è‡ªå·±ç´¹ä»‹ã‚’ã“ã®ãƒãƒ£ãƒ³ãƒãƒ«ã«ç›´æ¥æŠ•ç¨¿ã—ã‚ˆã†ï¼ğŸ“©**
ä¸‹è¨˜è³‡æ–™ã®â‘£ã‚’å‚è€ƒã«ã—ã¦ã­ï¼
ã“ã¡ã‚‰ã‹ã‚‰ğŸ‘‰ https://school.runteq.jp/v2/mypage/orientations/tool

```
â–¼ãƒ•ã‚©ãƒ¼ãƒãƒƒãƒˆ
- ãŠåå‰orãƒ‹ãƒƒã‚¯ãƒãƒ¼ãƒ ï¼š
- ã”è‡ªèº«ã®Times:ï¼ˆã“ã“ã«Timesã®URLã‚’è²¼ã‚Šä»˜ã‘ã¾ã—ã‚‡ã†ï¼ï¼‰
- SNSï¼ˆTwitterãªã©ã‚ã‚Œã°ï¼‰ï¼š
- ã‚¨ãƒ³ã‚¸ãƒ‹ã‚¢ã‚’ç›®æŒ‡ã™ç†ç”±ï¼š
- è¶£å‘³ï¼š
- ã“ã‚Œã‹ã‚‰ã®æ„æ°—è¾¼ã¿ï¼š
```


ï¼ˆ2ï¼‰ã‚¢ãƒ—ãƒªã§ã®è‡ªå·±ç´¹ä»‹ç™»éŒ²ãƒšãƒ¼ã‚¸ã‚‚ç™»éŒ²ã—ã‚ˆã†ï¼â˜‘ï¸
ã“ã¡ã‚‰ã‹ã‚‰ğŸ‘‰ https://school.runteq.jp/v2/mypage/profile/edit","RUNTEQã¸ã‚ˆã†ã“ãï¼ï¼:hugging_face:
åˆã‚ã¦å‚åŠ ã•ã‚ŒãŸæ–¹ã¯è‡ªå·±ç´¹ä»‹ã‚’ãŠé¡˜ã„ã—ã¾ã™:sparkles:

è‡ªå·±ç´¹ä»‹ç™»éŒ²ãƒšãƒ¼ã‚¸ã¯ã“ã¡ã‚‰ã‹ã‚‰:point_down:
<https://runteq.jp/mypage/profile/edit>",1682060560018,1652,0,"",,,,,1820,,1682060560018
usmukbic9jfhucqtphdpcrqy6w,1617866127232,1636515125809,0,dkhmcuy1rtbe9e413ysj641uqa,O,04_é›‘è«‡,clhu5dz44,"æŠ€è¡“çš„ãªæƒ…å ±ã®å…±æœ‰ã‚„ä½•æ°—ãªã„æ—¥å¸¸ã®æ°—ã¥ããªã©å…±æœ‰ã—ã¾ã—ã‚‡ã†:sparkles:
ãœã²ã€å’æ¥­ç”Ÿã¨ã®äº¤æµã‚‚ã“ã¡ã‚‰ã®ãƒãƒ£ãƒ³ãƒãƒ«ã§ãŠæ°—è»½ã«ã©ã†ã:wink:","",1681992509348,5092,0,"",,,,,4368,,1681992509348
m5crxhh1dtfnpqwxeuqqpy7p5y,1618287689852,1655793203693,0,dkhmcuy1rtbe9e413ysj641uqa,O,05_å‹‰å¼·ä¼šãƒ»ã‚¤ãƒ™ãƒ³ãƒˆä¼ç”»,14_mattermost,"è‡ªåˆ†ã§ä¼ç”»ã—ãŸã‚¤ãƒ™ãƒ³ãƒˆã‚„å‹‰å¼·ä¼šã«ã¤ã„ã¦ãŠçŸ¥ã‚‰ã›ã—ãŸã‚Šã€å‹‰å¼·ä¼šä»²é–“ã‚’é›†ã‚ã‚‹ãƒãƒ£ãƒ³ãƒãƒ«ã§ã™ï¼
å‹‰å¼·ä¼šã®é–‹å‚¬ãŒæ±ºã¾ã£ãŸã‚‰ã€ãœã²ã“ã¡ã‚‰ã®[RUNTEQã‚¤ãƒ™ãƒ³ãƒˆã‚«ãƒ¬ãƒ³ãƒ€ãƒ¼](https://school.runteq.jp/v2/runteq_events)ã«ã‚‚ç™»éŒ²ã—ã¦ãŠãã¾ã—ã‚‡ã†âœ¨","Mattermostã¸ã®æ”¹å–„ã‚„æ©Ÿèƒ½ã®è¿½åŠ å¸Œæœ›ãŒã‚ã‚Œã°ã“ã¡ã‚‰ã¸ãŠé¡˜ã„ã—ã¾ã™ï¼
ã§ãã‚Œã°å…¬å¼documentã‚’èª­ã‚“ã§ææ¡ˆã—ã¦ã‚‚ã‚‰ãˆã‚‹ã¨ã€å‹‰å¼·ã«ã‚‚ãªã‚Šã¾ã™ã‚ˆâœ¨
https://docs.mattermost.com/guides/user.html",1681991256791,1104,0,41rk1jxtfpg97kbu9g1uq3bhpo,"",,false,,752,,1681991256791
1kocmjfnfpgrzrzgo1jysinzge,1617877651091,1650336976373,0,dkhmcuy1rtbe9e413ysj641uqa,O,06_ãƒãƒ¼ãƒˆãƒ•ã‚©ãƒªã‚ªã‚¢ã‚¤ãƒ‡ã‚¢,c01m5l950f3,"ãƒãƒ¼ãƒˆãƒ•ã‚©ãƒªã‚ªã®ã‚¢ã‚¤ãƒ‡ã‚¢ã‚’æŠ•ç¨¿ã—ã¦ã¿ã‚“ãªã§ã‚¢ã‚¤ãƒ‡ã‚¢ã‚’ç·´ã£ã¦ã„ã“ã†ğŸ”¥
ãƒãƒ¼ãƒˆãƒ•ã‚©ãƒªã‚ªä½œæˆã®æµã‚Œã¯RUNTEQã‚¢ãƒ—ãƒªã®ãƒãƒ¼ãƒˆãƒ•ã‚©ãƒªã‚ªãƒœãƒ¼ãƒ‰ã‚’ã”è¦§ãã ã•ã„âœ¨","",1681991258101,1416,0,"",,,,,1030,,1681991258101
1f1qimcq5j8x98y56zfy5ijphw,1617872807260,1653805884181,0,dkhmcuy1rtbe9e413ysj641uqa,O,07_ãƒãƒ¼ãƒˆãƒ•ã‚©ãƒªã‚ªãƒ¬ãƒ“ãƒ¥ãƒ¼,c017x8caw83,"ãƒãƒ¼ãƒˆãƒ•ã‚©ãƒªã‚ªãƒœãƒ¼ãƒ‰ã§ã€ãƒ¬ãƒ“ãƒ¥ãƒ¼ä¾é ¼ã®æ—¨ã‚’Mattermostã«é€šçŸ¥ã™ã‚‹ã€ã«ãƒã‚§ãƒƒã‚¯ã‚’å…¥ã‚ŒãŸæ–¹ã®ãƒ¬ãƒ“ãƒ¥ãƒ¼ä¾é ¼ãŒã“ã¡ã‚‰ã®ãƒãƒ£ãƒ³ãƒãƒ«ã§é€šçŸ¥ã•ã‚Œã¾ã™ã€‚

1. ãƒãƒ¼ãƒˆãƒ•ã‚©ãƒªã‚ªã®README/ç”»é¢é·ç§»å›³/ERå›³ã®å„ãƒ¬ãƒ“ãƒ¥ãƒ¼ã«ã¤ã„ã¦ã¯ã€RUNTEQã‚¢ãƒ—ãƒªä¸Šã®ãƒãƒ¼ãƒˆãƒ•ã‚©ãƒªã‚ªãƒœãƒ¼ãƒ‰ã‹ã‚‰ãŠé¡˜ã„ã„ãŸã—ã¾ã™ã€‚

2. ãƒãƒ¼ãƒˆãƒ•ã‚©ãƒªã‚ªã«é–¢ã™ã‚‹è³ªå•ã«ã¤ã„ã¦ã¯ã€PRã‚’ã‚ã’ã¦ã„ãŸã ãã€URLã‚’æ·»ä»˜ã®ä¸Šã€è³ªå•ã‚’ã—ã¦ãã ã•ã„ã€‚
â–¶ï¸è³ªå•æ–¹æ³•ã«é–¢ã—ã¦ã¯ã“ã¡ã‚‰<https://school.runteq.jp/v2/mypage/helps/articles/how_to_solve_portfolio?gretel_word=%E3%83%9D%E3%83%BC%E3%83%88%E3%83%95%E3%82%A9%E3%83%AA%E3%82%AA>","",1682091534777,6313,0,"",,,,,3078,,1682091534777
baymx9ozk3d3tp6zirj5su3r7h,1617871084055,1650290468393,0,dkhmcuy1rtbe9e413ysj641uqa,O,08_ãƒ–ãƒ­ã‚°è¨˜äº‹ãƒ»é–‹ç™ºã‚µãƒ¼ãƒ“ã‚¹ç´¹ä»‹,c013d399ssy,"â©[RUNTEQ BLOG](https://blog.runteq.jp/)

â©[RUNTEQç”Ÿæ­´ä»£ã‚µãƒ¼ãƒ“ã‚¹ä¸€è¦§](https://docs.google.com/spreadsheets/d/1r1OlrU-tB5lhBkQxT83ytB68aYMQWv7cb27L0urQJYQ/edit?usp=sharing)

â©[Qiitaè¨˜äº‹ä¸€è¦§](https://qiita.com/organizations/runteq)

â©[RUNTEQç”Ÿã®ãƒ–ãƒ­ã‚°é›†ç´„](https://runteq-students-blog.netlify.app/)

members.ts ãƒ•ã‚¡ã‚¤ãƒ«ã«è‡ªåˆ†ã®å€‹äººãƒ–ãƒ­ã‚°ã®æƒ…å ±ã‚’è¿½åŠ ã—ã¦ã„ã‘ã°è‰¯ã„ã ã‘ãªã®ã§ã€ç·´ç¿’ã‚‚å…¼ã­ã¦çš†ã•ã‚“ãœã²PRã‚’ã‚ã’ã¦ãã ã•ã„ï¼

[ãƒªãƒã‚¸ãƒˆãƒª](https://github.com/runteq/runteq_students_blog)
æ¨©é™ãªã„äººã¯GitHubã®ã‚¢ã‚«ã‚¦ãƒ³ãƒˆåã‚’æ•™ãˆã¦ãã ã•ã„ï¼","",1682064996344,2458,0,"",,,,,1957,,1682064996344
ugfn15xpzt83tc9zb5xf8sucmo,1617872124882,1665918841935,0,dkhmcuy1rtbe9e413ysj641uqa,O,09_å°±æ´»æƒ…å ±,c016n1fru1e,"[RUNTEQã®æ±‚äººç¥¨](https://school.runteq.jp/v2/job_postings) **â€»ä¼æ¥­ã¸ã®ç›´æ¥å¿œå‹Ÿã¯ãŠæ§ãˆãã ã•ã„**

[å°±æ´»ãƒšãƒ¼ã‚¸](https://school.runteq.jp/v2/job_hunting_steps)","0. æƒ…å ±äº¤æ›
å°±æ´»ã«é–¢ã™ã‚‹æƒ…å ±ã¯ã“ã“ã§ã‚·ã‚§ã‚¢ã—ã¦ä¹—ã‚Šåˆ‡ã‚Šã¾ã—ã‚‡ã†ï¼

1. æ›¸é¡æ·»å‰Š
è·å‹™çµŒæ­´æ›¸ã€wantedlyã®æ·»å‰Šã¯<@UNJ6HF2V8> ã¾ã§DMã€‚ã¿ã‚“ãªã«è¦‹ã¦ã‚‚ã‚‰ã„ãŸã„å ´åˆã¯ã“ã®ãƒãƒ£ãƒ³ãƒãƒ«ã«æŠ•ç¨¿ã‚’ï¼

2. é¢æ¥å¯¾ç­–
æ¨¡æ“¬é¢æ¥ã‚’ã—ãŸã„æ–¹ã¯<@UNJ6HF2V8> ã¾ã§ã€‚
è³ªå•å¯¾ç­–ã¯ä¸‹è¨˜æ¨å¥¨
<https://note.com/tsubasa7777/n/nc742ba14ab01>

3. ã‚­ãƒ£ãƒªã‚¢ç›¸è«‡
ã‚­ãƒ£ãƒªã‚¢æ£šå¸ã—ã‚„å¼·ã¿åˆ†æã®ã”ç›¸è«‡ã‚‚<@UNJ6HF2V8>",1682079917352,1480,0,"",,,,,1247,,1682062582168
x599udyjnj8yxp9e9bjho3jqah,1617869325349,1646039383515,0,dkhmcuy1rtbe9e413ysj641uqa,O,10_è³ªå•æŠ•ç¨¿é€šçŸ¥,c010tmn1n2e,"RUNTEQå­¦ç¿’ã‚¢ãƒ—ãƒªã®è³ªå•ãƒ•ã‚©ãƒ¼ãƒ ã‹ã‚‰è³ªå•æŠ•ç¨¿ã™ã‚‹ã¨ã€ã“ã¡ã‚‰ã®ãƒãƒ£ãƒ³ãƒãƒ«ã«é€šçŸ¥ã•ã‚Œã¾ã™:relaxed:
è³ªå•æ–¹æ³•ãŒã”ä¸æ˜ãªæ–¹ã¯ã‚­ãƒ£ãƒªã‚¢ãƒˆãƒ¬ãƒ¼ãƒŠãƒ¼ã¾ã§èã„ã¦ãã ã•ã„ã­:sparkles:

â–¼è¬›å¸«ã‚·ãƒ•ãƒˆ
<https://calendar.google.com/calendar/embed?src=startup-technology.com_6h2cbnon9lslnd3eq8nlgq4p6c%40group.calendar.google.com&amp;ctz=Asia%2FTokyo>",è¬›å¸«ã‚·ãƒ•ãƒˆã¯[ã“ã¡ã‚‰](https://calendar.google.com/calendar/u/0/embed?src=startup-technology.com_6h2cbnon9lslnd3eq8nlgq4p6c@group.calendar.google.com&ctz=Asia/Tokyo)ã‚ˆã‚Šç¢ºèªãã ã•ã„ã€‚,1682095352479,28820,0,"",,,,,28300,,1682095352479
di9remfxjbdgmxppn3p6byucxe,1617866987764,1639561752622,0,dkhmcuy1rtbe9e413ysj641uqa,O,11_RUNTEQæ”¹å–„,cme8j0knc,RUNTEQå­¦ç¿’ã‚¢ãƒ—ãƒªã®æ“ä½œæ–¹æ³•ã®ä¸æ˜ç‚¹ã‚„ã‚«ãƒªã‚­ãƒ¥ãƒ©ãƒ ã®ä¸å…·åˆã‚’è¦‹ã¤ã‘ãŸæ–¹ã¯ã€ãŠæ‰‹æ•°ã§ã™ãŒã“ã¡ã‚‰ã®ãƒãƒ£ãƒ³ãƒãƒ«ã§ãŠçŸ¥ã‚‰ã›ãã ã•ã„ğŸ™‡â€â™€ï¸,RUNTEQã‚¢ãƒ—ãƒªã®æ“ä½œæ–¹æ³•ã®ä¸æ˜ç‚¹ã‚„ã‚«ãƒªã‚­ãƒ¥ãƒ©ãƒ ã®ä¸å…·åˆã‚’è¦‹ã¤ã‘ãŸæ–¹ã¯ã€ãŠæ‰‹æ•°ã§ã™ãŒã“ã¡ã‚‰ã®ãƒãƒ£ãƒ³ãƒãƒ«ã§ãŠçŸ¥ã‚‰ã›ãã ã•ã„:woman-bowing:,1681991256595,1596,0,"",,,,,1324,,1681991256595
g513drakdbgdfj88sh8rxjffwo,1670562263855,1671077933943,0,dkhmcuy1rtbe9e413ysj641uqa,O,16_ãƒãƒˆãƒ©ãƒ³ãŠçŸ¥ã‚‰ã›,16_battleofrunteq,BATTLE OF RUNTEQ ã«é–¢ã™ã‚‹æƒ…å ±ã‚’ç™ºä¿¡ã—ã¾ã™ğŸš€ğŸ”¥ãƒãƒˆãƒ©ãƒ³vol.3ã®æ¦‚è¦ã¯[ã“ã¡ã‚‰ï¼](https://esa-pages.io/p/sharing/2315/posts/20432/e8844f8e53f8da6af555.html),"",1681440710218,49,0,7o93gt7s77d33fgqz15btn734o,"",,false,,49,,1681440710218
wiipjufszpdcp89kfhgfubj1sr,1672226195481,1672903954243,0,dkhmcuy1rtbe9e413ysj641uqa,P,41æœŸç”Ÿ_group,41_group,"ğŸ‘€[ã‚ã‹ã‚‰ãªã„ã“ã¨ãŒã‚ã£ãŸã‚‰ã“ã“](https://school.runteq.jp/v2/mypage/helps)/
ğŸ“–[RUNTEQ CREDO](https://school.runteq.jp/v2/credo)/[ğŸ“…å­¦ç¿’è¨ˆç”»è¡¨](https://docs.google.com/spreadsheets/d/1S8mgofrSuC6BIrUVbj0jGXRU9_ujkGvKaXCZ0LO9F18/edit#gid=1089145166)","",1681825075576,1194,0,3d8rnt7gy3g1bq1hrchbxka4qa,"",,false,,591,,1681825075576
zqsu57ypjtnexn78pzzxy71fmc,1671790245638,1674448347688,0,dkhmcuy1rtbe9e413ysj641uqa,P,RUNTEQ Nice Active!,runteq-nice-active,ğŸ‰[Nice Active!ã«ã¤ã„ã¦ã¯ã“ã¡ã‚‰](https://school.runteq.jp/v2/mypage/orientations/nice_active)ã€€[æ¨è–¦ãƒ•ã‚©ãƒ¼ãƒ ã¯ã“ã¡ã‚‰](https://docs.google.com/forms/d/e/1FAIpQLSfTlunswa3t6PQ-YUt-7cgZ9lm0oaVqqBHsjNAAXIg7NjjQWw/viewform),"",1681995138451,290,0,3o9s3e4777ncunbstypwn5f9oy,"",,false,,290,,1681995138451
c1q36rf957f8fj8tb1949mdcye,1617872324787,1674445221800,0,dkhmcuy1rtbe9e413ysj641uqa,O,times_11æœŸç”Ÿ_nakai_kensuke,c016s84r344,"",ãµãã‚‰ãŠã®ãƒ¡ãƒ¢å¸³,1681799121940,5686,0,"",,,,,5701,,1681799121940
mt816bn5o7ydzdbowuar1jsptc,1617874396843,1637548587886,0,dkhmcuy1rtbe9e413ysj641uqa,O,times_15æœŸç”Ÿ_ohashi_masaya,c01axsg7a2v,"ãƒ»Twitter: https://twitter.com/m_asa_o
ãƒ»ã™ã„ã¾ã›ã‚“ãƒã‚§ãƒƒã‚«ãƒ¼: https://github.com/masa-oh/suimasen
ãƒ»AtCoder: https://atcoder.jp/users/m_asa_o","",1682057718040,476,0,"",,,,,546,,1682057718040
7ijs9bm5ebgaumnmojufrmqx7y,1617876925184,1624770613786,0,dkhmcuy1rtbe9e413ysj641uqa,O,times_17æœŸç”Ÿ_yanagisawa_yoshiyuki,c01hwq8gaaz,"github :  
https://github.com/y-yanagii

twitter :  
https://twitter.com/key60542184

apps:  
https://blink-games.app  
https://sugiyama-vuejs.netlify.app","",1681813879756,1796,0,"",,,,,1914,,1681813879756
b3jpdmw6tb877qt15s7ripyt5y,1617878066968,1679701247208,0,dkhmcuy1rtbe9e413ysj641uqa,O,times_19æœŸç”Ÿ_hasumi_yoshiki,c01p787a7nd,[Pluspo](https://pluspo.fly.dev/) [Pluso GitHub](https://github.com/Pluspo/pluspo),"",1682085309136,1492,0,"",,,,,1385,,1682085309136
sjcaxmeg9p8w88975pns1n4i9c,1635724261712,1669973451674,0,dkhmcuy1rtbe9e413ysj641uqa,O,times_27æœŸç”Ÿ_shuto_mami,times_shuto_mami,[Twitter](https://twitter.com/shutooorm02) / PF: [ä¸‰ã¤æ˜Ÿãƒˆã‚¤ãƒ¬](https://www.mitsuboshi-powder-rooms.jp),"",1681990287673,231,0,cw1u6mg83bbezc6g74y6snepyr,"",,false,,348,,1681990287673
hnjc5hn49bgrzb5roxwpq8edko,1639460409464,1669973368762,0,dkhmcuy1rtbe9e413ysj641uqa,O,times_28æœŸç”Ÿ_tomita_kazuki,times_28tomita_kazuki,"ğŸ¥[ã²ã‚ˆã“ã‚³ãƒã‚¯ãƒˆ](https://hiyoco-connect.herokuapp.com/profiles/61)
:twitter:  [twitter](https://twitter.com/vjktzbieb7g9k)
:desktop_computer: [PF](https://bike-fuel-simulator.web.app)","",1681269429569,259,0,c8qobje84pb898m8ku1gpfts3y,"",,false,,224,,1681269429569
7a1srn8oojyj7jtkyca95f5k9a,1644310401292,1682074502044,0,dkhmcuy1rtbe9e413ysj641uqa,O,times_30æœŸç”Ÿ_totsuka_shoko,times_30_totsuka_shoko,:notion: [å­¦ç¿’ã¾ã¨ã‚](https://chiseled-bluebell-3cc.notion.site/RUNTEQ-1df72e1591ca44aeb96bf9526b1350dc) / [å°±æ´»ã¾ã¨ã‚](https://chiseled-bluebell-3cc.notion.site/81673bf1eaa840dcba8cc1abb819ebfe) / :twitter: [@10tealights](https://twitter.com/10tealights) / :full_moon_with_face: [PF: CLARUS(é¡˜ã„ã”ã¨å®£è¨€ã‚¢ãƒ—ãƒª)](https://moon-clarus.com) / 2022.2.14å…¥å­¦~11.13å’æ¥­ / 33æ­³ / ãƒ•ãƒ«ã‚³ãƒŸçµ„ã§ã—ãŸ / é™å²¡çœŒåœ¨ä½,"",1682080093073,534,0,xusab399xjynmnp19xk4drt5nh,"",,false,,262,,1682077398939
amjeic8owbfqpbj5f547s8xyfc,1646204780534,1669271769045,0,dkhmcuy1rtbe9e413ysj641uqa,O,times_31æœŸç”Ÿ_iwasaki_ai,times_31_iwasaki_ai,":twitter: [Twitter](https://twitter.com/ju17nana)
:notion: [CODE MEMO](https://www.notion.so/beautiful-glider-79/CODE-MEMO-7cdfc2fab5d1439d97a3e48dabfd82bd)
ğŸ£[ã²ã‚ˆã“ã‚³ãƒã‚¯ãƒˆ](https://hiyoco-connect.herokuapp.com/profiles/32)
ğŸ—º[ç›®æ¨™é”æˆãƒãƒƒãƒ—](https://docs.google.com/spreadsheets/d/1-V4dSuT-mRjCZObVs64CUgyczedL9GYsIULtXzUq9tA/edit?usp=sharing)","",1682042783272,744,0,hkrnhg7esfnt7bejzafczamoew,"",,false,,507,,1682042783272
8ud9i61pxt8q7d4wxejjjep51c,1648438270456,1677807579746,0,dkhmcuy1rtbe9e413ysj641uqa,O,times_31æœŸç”Ÿ_miyagi_saori,times_31_miyagi_saori,[ã¿ã‚„ãã®twitter](https://twitter.com/miya_g1),"",1682060078948,461,0,qgahm9frkt8x8dre8cqpos5wnw,"",,false,,321,,1682060078948
ncwttj7dhiytdf8iwr4k5nm8he,1648634042352,1668214850950,0,dkhmcuy1rtbe9e413ysj641uqa,O,times_32æœŸç”Ÿ_takagi_yuri,times_32_takagi_yuri,":twitter: [Twitter](https://twitter.com/taasan_runteq32) :hatched_chick: [ã²ã‚ˆã‚³ãƒ](https://hiyoco-connect.herokuapp.com/profiles/108) :notion:[Notion](https://www.notion.so/gem-f134c9764d8241d7a6ce1cabd904384c)
ãƒ—ãƒ­ã‚°ãƒ©ãƒŸãƒ³ã‚°å­¦ç¿’ä¸­ã®æŸ´çŠ¬ã§ã™ã€‚:shiba: ","",1682053002975,239,0,bu6uzxbexfggpb3f3jt4t3wk1a,"",,false,,177,,1682053002975
nbyn3gjd4fd55ruqw1reqrj9tc,1649916256587,1679632113751,0,dkhmcuy1rtbe9e413ysj641uqa,O,times_32æœŸç”Ÿ_ueno_toru,times_32_ueno_toru,":twitter:[Twitterã‚¢ã‚«ã‚¦ãƒ³ãƒˆ](https://twitter.com/ueno_toru421)
:book:[PF_BOOKSTAIR](http://bookstair.com)","",1682076450215,1136,0,dgg65d6d8t8rfd1dh8oxqn5xxe,"",,false,,841,,1682076261219
zknh6zinyfb7mnzenth6gcbe8e,1652072204384,1652072204384,0,dkhmcuy1rtbe9e413ysj641uqa,O,times_33æœŸç”Ÿ_shida_yuki,times_33_shida_yuki,"","",1682068099587,296,0,xsahxejqabrqbk8rdbc4f1ubho,,,,,194,,1682068099587
zh1nw6xe3byfpe5qotthqpht3c,1653869720019,1675252602311,0,dkhmcuy1rtbe9e413ysj641uqa,O,times_33æœŸç”Ÿ_wang_lei,times_33_wang_lei,[Twitter](https://twitter.com/Maize_2); [ãƒ¡ãƒ¢è¨˜éŒ²ç”¨ãƒ–ãƒ­ã‚°](https://lei900.github.io/); [PF ã€ŒDaily Mindã€](https://idailymind.com); åå‰ã¯**ãƒ¬ã‚¤**ã¨è¨€ã„ã¾ã™ã€‚ä¸­å›½å‡ºèº«ã§ã™:smile:,"",1681892775615,234,0,f5n3s3ap3ig87ereenszcf78nc,"",,false,,174,,1681892775615
5yswzcph1p8pmmjfh38t84yidw,1655943386423,1665913601418,0,dkhmcuy1rtbe9e413ysj641uqa,O,times_34æœŸç”Ÿ_inai_yusuke,times_34_yusuke_inai,":twitter: [Twitter](https://twitter.com/yusuke_blog1026)
ğŸ“[ã‚¢ã‚¦ãƒˆãƒ—ãƒƒãƒˆ](https://noble-idea-563.notion.site/RUNTEQ-344342f00dab40f4a7556051dc4878d1)
ğŸ’¬[ComicQuote](https://comic-quote.web.app/)","",1682055822539,865,0,5urfurpku78wx8j831ax3csk5w,"",,false,,574,,1682055822539
anhdunkdii8h8yik4f7gceoifa,1656462835849,1680102348551,1680102348551,dkhmcuy1rtbe9e413ysj641uqa,O,times_34æœŸç”Ÿ_matsusaki_masao,times_34_matsusaki_masao,"","",1680102348504,6,0,q8js3f4u7pnute9jcdtrbawkxa,"",,false,,4,,1680102348504
ppa3q5fwd789ipty71kw1qnqpw,1655978245960,1668301616194,0,dkhmcuy1rtbe9e413ysj641uqa,O,times_34æœŸç”Ÿ_oose_yuuki,times_34_oose_yuuki,[:twitter: Twitter](https://twitter.com/ooooonse0524) | [:notion: Notion](https://www.notion.so/c6f7ff9253394683ae419c2dd180f485?v=96935a853da84753a32072c26913244b) | [:book: é–‹ç™ºæ—¥è¨˜](https://www.notion.so/PF-21317b31685c479e969b12c9ea34e328),"",1682074427614,542,0,7y6ph1sos7y67kwso9f6nu48pw,"",,false,,388,,1682074427614
k13jn3bfwjrzfj747qxc8n8kxo,1655992242521,1656407700634,0,dkhmcuy1rtbe9e413ysj641uqa,O,times_35æœŸç”Ÿ_urabe_takashi,times-35-urabe-takashi,"","",1681221165620,162,0,4xoemk8aubgxugc95k5t3p5djw,"",,false,,136,,1681221165620
c3wf1sxyhpg5dnzi5t1pdpxaha,1659676209459,1659951312446,1659951312446,dkhmcuy1rtbe9e413ysj641uqa,O,times_36æœŸç”Ÿ_sekime_satoshi,sekime_satoshi_36,"","",1681105901815,2,0,q3desmz7xjys8jjgft59inpxbe,"",,false,,2,,1681105901815
t89gccnwrib8zq8j51c7kj8ony,1662989485626,1681525075512,0,dkhmcuy1rtbe9e413ysj641uqa,O,times_37æœŸç”Ÿ_kumazawa_ayano,times_37_kumazawa_ayano,"[:notion:](https://dull-creek-6a9.notion.site/13723794f67249a1995661383b5d7c6d)
[:twitter:](https://twitter.com/ZCunkuma)
[ :bear: ãã¾ã‚¢ãƒã‚¿ãƒ¼](https://kuma-avatar.vercel.app/)
[ :slot_machine:ã‚¢ãƒ—ãƒªã‚¬ãƒãƒ£](https://pf-gacha.web.app/)","",1682057742231,463,0,kyppbiheztf9uxbi579p5cfcxw,"",,false,,271,,1682057742231
ckyf39pcpfrxuqapy83u6pefme,1666604299671,1666957291132,0,dkhmcuy1rtbe9e413ysj641uqa,O,times_38æœŸç”Ÿ_araki_narumi,times_38_araki_narumi,"","",1681024613816,3,0,1ny9ac7ij3yr9gx6jsj8jggjua,"",,false,,3,,1681024613816
87hrn9pkatyopm7z57y3k1bi6o,1664087606399,1665208819864,0,dkhmcuy1rtbe9e413ysj641uqa,O,times_38æœŸç”Ÿ_arata_kazuma,times_38_arata_kazuma,"","",1681477289348,71,0,3eh6r5e9w3y7ikf9c6p9f9xthh,"",,false,,71,,1681477289348
maqpotrcf3fzujecrtbkbhmiha,1663838484964,1663838484964,0,dkhmcuy1rtbe9e413ysj641uqa,O,times_38æœŸç”Ÿ_ebihara_tsukasa,times_38_ebihara_tsukasa,"","",1681582529735,8,0,xmrctb51biy7xex483zmznjtky,"",,false,,8,,1681582529735
oprjnr96tf84mmnduw6zncsb7a,1666089566305,1666089566305,0,dkhmcuy1rtbe9e413ysj641uqa,O,times_38æœŸç”Ÿ_hirata_erina,times_38_hirata_erina,"","",1681024620365,9,0,55dc1yywaig6px3637uqyd8yyr,"",,false,,9,,1681024620365
b9i46uskrj88br53jsz98jh4xy,1666071821377,1666071821377,0,dkhmcuy1rtbe9e413ysj641uqa,O,times_38æœŸç”Ÿ_inagaki_yuya,times_38_inagaki_yuya,"","",1681024629999,2,0,nipwb19567bkiq4xiwhpjuk9se,"",,false,,2,,1681024629999
aytkokc6kb8cmc8i1886fhpceo,1665137161351,1665209015826,0,dkhmcuy1rtbe9e413ysj641uqa,O,times_38æœŸç”Ÿ_ishii_junpei,times-38_ishii_junpei,"",å­¦ç¿’ç¶™ç¶š,1681289848081,86,0,iy1sbis8obrqzx55i4oxq66h3c,"",,false,,81,,1681289848081
1dn9mgonqtdqbpdzuxd47ng7pr,1663485432082,1666092944681,0,dkhmcuy1rtbe9e413ysj641uqa,O,times_38æœŸç”Ÿ_iwasaki_yusuke,times_38_iwasaki_yusuke,"","",1681766744293,37,0,htb3qhddhibzip8uy6ttn6q5sr,"",,false,,37,,1681766744293
ddizcerdh7y6iybuzi5eqggwfe,1664000411712,1664000411712,0,dkhmcuy1rtbe9e413ysj641uqa,O,times_38æœŸç”Ÿ_kaiwa_jun,times_38_kaiwa_jun,"","",1678195603154,76,0,mx7z94ymspdn7n6xzzsd9mq7kw,"",,false,,75,,1678195603154
jypsiapujtdafjyz51oaoo6xqh,1664798957020,1664798957020,0,dkhmcuy1rtbe9e413ysj641uqa,O,times_38æœŸç”Ÿ_kawasaki_yutaro,times_38_kawasaki_yutaro,"","",1681304587147,0,0,3fc814wy87nqtb3oa4ud49ta6y,"",,false,,0,,1681304587147
w8qow71ypigd8ktmsnmn7hf9ho,1666011421893,1667227938195,0,dkhmcuy1rtbe9e413ysj641uqa,O,times_38æœŸç”Ÿ_kitagawa_chihiro,times_38_kitagawa_chihiro,[Notion](https://overjoyed-mass-bd4.notion.site/Notebook-824c39509a5745989d759f62a8258042),"",1681962170973,126,0,tim3o67cwtgftkkudk5y7tuiir,"",,false,,116,,1681962170973
nif1o49qtfby5pj6exab9sieby,1665977181328,1668953537261,0,dkhmcuy1rtbe9e413ysj641uqa,O,times_38æœŸç”Ÿ_kobayashi_masato,times_38_kobayashi_masato,é©å½“ã«ä»Šæ—¥ã®å­¦ç¿’å†…å®¹ã‚„å‚™å¿˜éŒ²ãªã©ã‚’å‚ã‚Œæµã—ã¦ã„ãã¾ã™ã€‚,"",1681289868338,50,0,tdmq3jcbm7b78jxe76kn8pxosr,"",,false,,50,,1681289868338
mm9kajxzmf8npp7hzjyjq3ez1c,1665647438489,1665647438489,0,dkhmcuy1rtbe9e413ysj641uqa,O,times_38æœŸç”Ÿ_masaki_yuna,times_38_masaki_yuna,"","",1681289876008,58,0,weg6gyxqhpbcjry831tz696zde,"",,false,,57,,1681289876008
xaxz7x66dpf9j89u8gyz6wsauw,1666092985176,1666093135052,0,dkhmcuy1rtbe9e413ysj641uqa,O,times_38æœŸç”Ÿ_masamura_tomonori,times-38-masamura-tomonori,"","",1682080702953,45,0,otetsj3w67r1iq1g6p5wfsdhwy,"",,false,,45,,1682080702953
g6jg77b71i855czkzhg5ne7sjr,1665107398484,1665107398484,0,dkhmcuy1rtbe9e413ysj641uqa,O,times_38æœŸç”Ÿ_matsumoto_takuya,times_38_matsumoto_takuya,"","",1681024948604,184,0,mq63rk7y7pnitniuwwe5tpeyxw,"",,false,,182,,1681024948604
8kmwtp9gx3gmjqdw17rhbeezho,1665647250359,1665647250359,0,dkhmcuy1rtbe9e413ysj641uqa,O,times_38æœŸç”Ÿ_monobe_makoto,times_38_monobe_makoto,"","",1681289892266,40,0,mdmghj5ccjrbzno8erypa3crje,,,,,40,,1681289892266
uj5qu54kzfy1m8r18649yiwg7y,1665014715235,1665014771699,0,dkhmcuy1rtbe9e413ysj641uqa,O,times_38æœŸç”Ÿ_murai_misaki,times-38-murai-misaki,"","",1681391745503,19,0,a3exym7ikjyxub3cikawhp8dky,"",,false,,17,,1681391745503
jzjs5xtekfgbud44ychwufa7ko,1666124428810,1666124428810,0,dkhmcuy1rtbe9e413ysj641uqa,O,times_38æœŸç”Ÿ_naito_kayoko,times_38_naito_kayoko,"","",1680657800339,3,0,rno9n6e5rprziejp6yohiiko4c,"",,false,,3,,1680657800339
8idzhjrq3p88fcmmaxrajanceh,1666673457389,1666673457389,0,dkhmcuy1rtbe9e413ysj641uqa,O,times_38æœŸç”Ÿ_nakai_yuka,times_38_nakai_yuka,"","",1679673434348,9,0,m7ktza4tmby9xen8swgjotp85e,,,,,9,,1679673434348
u3wkfsz1rbnjjepeaowzkpa8jo,1666038343635,1666038343635,0,dkhmcuy1rtbe9e413ysj641uqa,O,times_38æœŸç”Ÿ_noda_kayano,times_38_noda_kayano,"","",1680656910262,1,0,uqobxfy7y7drxpsj3t5o171hch,"",,false,,1,,1680656910262
cz8kydp8jpr3mbf8ypp5fqy1pa,1666957211753,1666957377194,0,dkhmcuy1rtbe9e413ysj641uqa,O,times_38æœŸç”Ÿ_ohwaki_tomoyuki,times_38_ohwaki,"","",1680656889564,1,0,w4r74ba7wtnatqdps4g5i7pnsw,"",,false,,1,,1680656889564
j45ergz3tpr99mg6dn4s73b37o,1665208858591,1665208858591,0,dkhmcuy1rtbe9e413ysj641uqa,O,times_38æœŸç”Ÿ_okajima_yuma,times_38_okajima_yuma,"","",1681025119689,102,0,g4ue1qzezpdzddrrjtc5sbafhw,"",,false,,100,,1681025119689
by8gx7gsh7baimcd1s49i5fx1c,1666935344234,1666935344234,0,dkhmcuy1rtbe9e413ysj641uqa,O,times_38æœŸç”Ÿ_sako_toyohiro,times_38_sako_toyohiro,"","",1678246758650,54,0,5as8pw11138riqdmmgwm5bey3e,"",,false,,52,,1678246758650
zx51f3mzu7d4u8ju1utbwfbqra,1667110657210,1667110657210,0,dkhmcuy1rtbe9e413ysj641uqa,O,times_38æœŸç”Ÿ_sato_yuna,times_38_sato_yuna,"","",1681032666025,0,0,uwnj3udnbpnt5p46cfg1j7qsph,"",,false,,0,,1681032666025
t5wa9syduib9jbwq1fboautukw,1665049284995,1666935458244,0,dkhmcuy1rtbe9e413ysj641uqa,O,times_38æœŸç”Ÿ_shimizu_yuuri,times_38_satonaka_mugi,"","",1680089363578,10,0,qotbzfgtujfqdpa48967d5reay,"",,false,,10,,1680089363578
78u4mhteojn8bk71hmiaunpyoy,1666243950064,1666243950064,0,dkhmcuy1rtbe9e413ysj641uqa,O,times_38æœŸç”Ÿ_shimo_haruki,times_38_shimo_haruki,"","",1681032671586,7,0,3q5moz1ck3npmk4bpzuwbncs3h,"",,false,,7,,1681032671586
ck1h5tbuhfyyby69innrrzhqoh,1666262906561,1666262906561,0,dkhmcuy1rtbe9e413ysj641uqa,O,times_38æœŸç”Ÿ_sunaga_itsuki,times_38_sunaga_itsuki,"","",1681829884343,107,0,6pfehqruw7fk58gzbpcdg4rf3a,"",,false,,72,,1681829884343
f5xa4q5gstgpmqjpbzioizp9qw,1665994227630,1666002637551,0,dkhmcuy1rtbe9e413ysj641uqa,O,times_38æœŸç”Ÿ_suzuki_nao,times_38_suzuki_nao,"","",1680648339052,18,0,68aj3o3ewjrpxghnwr1tswnraa,,,,,13,,1680648263339
mgcqf71z9f8pbq95f8yzbjn76a,1666931125934,1666931125934,0,dkhmcuy1rtbe9e413ysj641uqa,O,times_38æœŸç”Ÿ_tahara_noriko,times_38_tahara_noriko,"","",1681401185631,30,0,tt4yarme8in13prd757j9p7xfe,"",,false,,30,,1681401185631
7eper3bx43be7ju3atci1obgre,1665453085957,1665453255977,0,dkhmcuy1rtbe9e413ysj641uqa,O,times_38æœŸç”Ÿ_takaba_miyuki,times-38-takaba-miyuki,"","",1681401189229,34,0,y4tpjo3eu3roxjeq5iunga755w,"",,false,,34,,1681401189229
bpirin9mh3yax8fdauacatresr,1666935366642,1667020237891,0,dkhmcuy1rtbe9e413ysj641uqa,O,times_38æœŸç”Ÿ_tateishi_yu,times_38_yu_tateishi,"","",1681401192111,1,0,rrfqdaicwbgy8d3ij7kx6srowr,"",,false,,1,,1681401192111
c7xu9yf487rmznwosts7u1ydxe,1665204452394,1665204452394,0,dkhmcuy1rtbe9e413ysj641uqa,O,times_38æœŸç”Ÿ_terada_yuri,times_38_terada_yuri,"","",1681401194637,1,0,y5usrg9rwpyatxwis4hjr7awcw,"",,false,,1,,1681401194637
yz3j9yo3kt88pbxqog4wo7skhc,1665202830062,1665208752626,0,dkhmcuy1rtbe9e413ysj641uqa,O,times_38æœŸç”Ÿ_tsugane_yuya,times-38-yuya-tsugane,"","",1681401196763,3,0,e4sxe5qmj3yp8x9bm9cecqhiqr,"",,false,,3,,1681401196763
crbrsd7gejyrbkcxnqemdmagjh,1665902270965,1665902270965,0,dkhmcuy1rtbe9e413ysj641uqa,O,times_38æœŸç”Ÿ_uchinokura_chika,times_38_uchinokura_chika,"","",1681401199167,7,0,seygfgs1zpbf3nbhpe58mdduow,"",,false,,6,,1681401199167
xikt7pq1jbn6trbbgxyoizdz7w,1665794204456,1665794204456,0,dkhmcuy1rtbe9e413ysj641uqa,O,times_38æœŸç”Ÿ_watanabe_eriko,times_38_watanabe_eriko,"","",1681582586532,49,0,6pht8o9tep833b99n7h8meagar,"",,false,,49,,1681582586532
rs5io1drtjfrxbmrx5ztb6eihe,1664335269931,1664335269931,0,dkhmcuy1rtbe9e413ysj641uqa,O,times_38æœŸç”Ÿ_watanabe_ryota,times_38_watanabe_ryota,"","",1682027287149,12,0,xzz5ifeq6fdxxy5tobxp7x66uw,,,,,10,,1682027287149
a4fcnbs9kirp9g1x6hxbz7gwtc,1666935328870,1666935328870,0,dkhmcuy1rtbe9e413ysj641uqa,O,times_38æœŸç”Ÿ_yamada_rie,times_38_yamada_rie,"","",1679841263893,72,0,j6dxwgeegi8a8xm16agoz6ab3e,"",,false,,70,,1679841253388
gjxgebeu8pbg5puz4dwqfabcww,1666057494778,1666071720361,0,dkhmcuy1rtbe9e413ysj641uqa,O,times_38æœŸç”Ÿ_yamaguti_ryouma,times-38-yamaguti-ryouma,"","",1681401208171,2,0,p8nzs6g8hf8wjrwtsfymnqjaqa,"",,false,,2,,1681401208171
9p3rojqddj8ztjwat7deaaa8wc,1664249998465,1664249998465,0,dkhmcuy1rtbe9e413ysj641uqa,O,times_38æœŸç”Ÿ_yamamoto_masaya,times_38_yamamoto_masaya,"","",1682007165119,156,0,845e1tb6ftgk8jen4735euod7a,"",,false,,144,,1682007165119
gb7rgqb7e7dh8d4bo8rxwgx4pw,1668241881251,1668241881251,0,dkhmcuy1rtbe9e413ysj641uqa,O,times_39æœŸç”Ÿ_akaike_toshiki,times_39_akaike_toshiki,"","",1681401212897,26,0,33yheuqpnf8x8m6wu6ap5ie4th,"",,false,,26,,1681401212897
5p4qr7su6fb58gttcnfzo4kiyw,1667288685008,1667288685008,0,dkhmcuy1rtbe9e413ysj641uqa,O,times_39æœŸç”Ÿ_aono_yuto,times_39_aono_yuto,"","",1681401226582,49,0,nppja6khwjbaucko5b59hcz3uc,"",,false,,42,,1681401226582
7x3iyacrptdn5q3aydmw98z4ay,1668836841111,1668837381078,0,dkhmcuy1rtbe9e413ysj641uqa,O,times_39æœŸç”Ÿ_asano_haruka,timez_39_haruka_asano,"","",1681401230079,8,0,pzrwn7wsijygijfnyybmdufpcc,"",,false,,8,,1681401230079
j8g5f5pb43ywfdp5pjtyzottgr,1667139803389,1667139803389,0,dkhmcuy1rtbe9e413ysj641uqa,O,times_39æœŸç”Ÿ_hayashi_shota,times_39_hayashi_shota,"","",1681401241108,5,0,muk56n6pcj8wdmya1w7wu3d4pr,"",,false,,5,,1681401241108
npr3efcnzpfsf8jpw8eaoqbjqw,1668581132514,1668581132514,0,dkhmcuy1rtbe9e413ysj641uqa,O,times_39æœŸç”Ÿ_ikemura_ren,times_39_ikemura_ren,"","",1681257778054,39,0,sohetz91i7y38pwxqf7u3156za,"",,false,,28,,1681257778054
xb5qi79tr7g3brqtppkhxouj5y,1669315982785,1669315982785,0,dkhmcuy1rtbe9e413ysj641uqa,O,times_39æœŸç”Ÿ_ishida_ayako,times_39_ishida_ayako,"","",1682065737890,62,0,eyf8k8adkty8bqsqazffipxdme,"",,false,,55,,1682063900770
cjyidnaxujnebkfdsixbf473jy,1668836904092,1668836904092,0,dkhmcuy1rtbe9e413ysj641uqa,O,times_39æœŸç”Ÿ_kawasaki_yuya,times_39_kawasaki_yuya,"","",1681401250086,26,0,c4shjuregpd5uxq75f6scnw3gw,"",,false,,26,,1681401250086
chotpqr1zp8mfq9yz16gs3uado,1667629614815,1667629614815,0,dkhmcuy1rtbe9e413ysj641uqa,O,times_39æœŸç”Ÿ_kimura_takumi,times_39_kimura_takumi,"","",1680657031015,19,0,s93dp8t6jfy8dcdo6fcbc33dac,"",,false,,18,,1680657031015
db64zt81ejfzud8tooxybzyine,1667187360621,1677990570383,0,dkhmcuy1rtbe9e413ysj641uqa,O,times_39æœŸç”Ÿ_kondo_aya,times_39_kondo_aya,[:twitter:](https://twitter.com/aya_888_),"",1681990412804,315,0,wd4kxpuwftr9pfxyicszyercwa,"",,false,,237,,1681990412804
ytunj8b76pynjj7meqin5jzccr,1668836903014,1668836903014,0,dkhmcuy1rtbe9e413ysj641uqa,O,times_39æœŸç”Ÿ_konoshita_akari,times_39_konoshita_akari,"","",1681100697958,76,0,3wg18aimsjncuxsurztu9k83rc,"",,false,,60,,1681100697958
dy8h43h9zpdg7phaeaoryryuqr,1667890866424,1667890928848,0,dkhmcuy1rtbe9e413ysj641uqa,O,times_39æœŸç”Ÿ_kurihara_yuka,times39_kurihara_yuka,"","",1681401256445,1,0,wt61uu6pt7yhugq118ebqpaycr,"",,false,,1,,1681401256445
4f8x8shiu7gh7jrtbumy1gpdqo,1667882985061,1667882985061,0,dkhmcuy1rtbe9e413ysj641uqa,O,times_39æœŸç”Ÿ_machida_toyotaka,times_39_machida_toyotaka,"","",1681401259087,13,0,awqi6b3pqbnhzmtqxjf757aopr,"",,false,,13,,1681401259087
ijpzsdxspf8dpddt35xbqf8mze,1669539430638,1669721928731,0,dkhmcuy1rtbe9e413ysj641uqa,O,times_39æœŸç”Ÿ_matui_tetta,times_39_matsui,"","",1681258752592,42,0,39s8df7uebbdumcih13id5jepa,"",,false,,40,,1681258752592
m8dxb8ogrfrsu8s15r6x6g9yda,1667886252277,1667886252277,0,dkhmcuy1rtbe9e413ysj641uqa,O,times_39æœŸç”Ÿ_miyamoto_kazuki,times_39_miyamoto_kazuki,"","",1681401263401,2,0,5qfiea98i3g73qqxfdzwy9w7ro,"",,false,,2,,1681401263401
i1ccyptxxfnrzme9sez7eh8ymy,1669261108431,1669261108431,0,dkhmcuy1rtbe9e413ysj641uqa,O,times_39æœŸç”Ÿ_miyazawa_yuuki,times_39_miyazawa_yuuki,"","",1681401265781,1,0,eg1tacakubb33c8g1kz8symx9y,"",,false,,1,,1681401265781
ya9n7brpbi8z3e3hypt3uthudr,1668256255087,1668256255087,0,dkhmcuy1rtbe9e413ysj641uqa,O,times_39æœŸç”Ÿ_mogami_mitsuhisa,times_39_mogami_mitsuhisa,"","",1681401268329,27,0,fqfoywnytjrcpy8dipo1ryia7o,"",,false,,23,,1681401268329
gw16ph7h97fzb8fyzprz78xgmy,1667882781291,1667882781291,0,dkhmcuy1rtbe9e413ysj641uqa,O,times_39æœŸç”Ÿ_morioka_kozue,times_39_morioka_kozue,"","",1681401273120,32,0,s4mtmuh4bbd58g98xga85fg6ic,"",,false,,31,,1681401273120
z3qif4owzpgg3gtyex6dq6phuh,1668785777182,1668785777182,0,dkhmcuy1rtbe9e413ysj641uqa,O,times_39æœŸç”Ÿ_nakagawa_takuto,times_39_nakagawa_takuto,"","",1681401276003,33,0,tynw73zd9fdnxcfhoxtzjswxoa,"",,false,,33,,1681401276003
te7om5rmzb8h9mgykob35j1cbw,1669722031228,1669722031228,0,dkhmcuy1rtbe9e413ysj641uqa,O,times_39æœŸç”Ÿ_nakamura_madoka,times_39_nakamura_madoka,"","",1681401278743,7,0,g3up4w8cutyfu8zh6fhtgg6seh,"",,false,,7,,1681401278743
x6spuz8za7yj9rg9bjq6zdxgcr,1669694955882,1669694955882,0,dkhmcuy1rtbe9e413ysj641uqa,O,times_39æœŸç”Ÿ_niitsu_ryuto,times_39_niitsu_ryuto,"","",1681393686399,12,0,ki74f4n9rbbb5k3nsjyis9k5ce,"",,false,,12,,1681393686399
gbfyoap8z7ydpbx33pjjqtakfc,1669803564818,1669803564818,0,dkhmcuy1rtbe9e413ysj641uqa,O,times_39æœŸç”Ÿ_nishino_akinori,times_39_nishino_akinori,"","",1681401281439,2,0,q54fiqes538a3bir37p3wds9ko,"",,false,,2,,1681401281439
hrjsp9ab7trzxxrfrmpjg88eja,1667908473093,1667908473093,0,dkhmcuy1rtbe9e413ysj641uqa,O,times_39æœŸç”Ÿ_noma_hayato,times_39_noma_hayato,"","",1681401283656,0,0,1gm1ebp747dnbqg7fodipyrhur,"",,false,,0,,1681401283656
948cexhs8jfffmmcwhjjrtfuwa,1668817948715,1668817948715,0,dkhmcuy1rtbe9e413ysj641uqa,O,times_39æœŸç”Ÿ_okada_nozomu,times_39_okada_nozomu,"","",1681401285743,0,0,t1ahzoqwqjb8pc78ppn6jxw3oy,"",,false,,0,,1681401285743
pf6fap99f784xqxx3pwgm8eyur,1667878112525,1667878179868,0,dkhmcuy1rtbe9e413ysj641uqa,O,times_39æœŸç”Ÿ_okada_toshiki,times-39-okada-toshiki,"","",1681401287849,21,0,c1iyyinej3f6pfdin1y4bg7mdc,"",,false,,21,,1681401287849
uc3ebdms1f8uuf5cbc56qnzpxr,1667877284516,1667877284516,0,dkhmcuy1rtbe9e413ysj641uqa,O,times_39æœŸç”Ÿ_okuda_tomoki,times_39_okuda_tomoki,"","",1681401289809,12,0,fy51jtxehfnaj85w8u8wnf68zc,"",,false,,12,,1681401289809
3hdrera6mprd8b83xby4j83g8r,1668858139830,1668858185074,0,dkhmcuy1rtbe9e413ysj641uqa,O,times_39æœŸç”Ÿ_oosio_ryota,times_39oosio_ryota,"","",1681401291858,2,0,1n7ub7kz4irwudxfdyw6umxo8r,"",,false,,2,,1681401291858
4kirz4irbbgtdg1mh5wpr8uqyy,1668529947157,1668529947157,0,dkhmcuy1rtbe9e413ysj641uqa,O,times_39æœŸç”Ÿ_osaku_chiaki,times_39_osaku_chiaki,"","",1681401293877,1,0,3gw3pqh3bfn8irgjnotpt98yxe,"",,false,,1,,1681401293877
479rkboiwjfobfzu6fj58ni8de,1668836860489,1668836860489,0,dkhmcuy1rtbe9e413ysj641uqa,O,times_39æœŸç”Ÿ_ota_rikiya,times_39_ota_rikiya,"","",1681401296195,6,0,icqkgrab5idq7nqtqxbrs61k7r,,,,,5,,1681401296195
jmhexe9hain35nj5zgc91f9cfw,1668649070939,1668649070939,0,dkhmcuy1rtbe9e413ysj641uqa,O,times_39æœŸç”Ÿ_ou _kxyoku,times_39_ou-_kxyoku,"","",1681401298526,0,0,6g17ipbq7bgefj4mcwkh4b8dpa,,,,,0,,1681401298526
61gonun5ctdijjnordnxft8zyy,1667449725800,1667453481716,0,dkhmcuy1rtbe9e413ysj641uqa,O,times_39æœŸç”Ÿ_saito_motohiro,times-39-saito-motohiro,"","",1681401301100,3,0,dupatr51g3rqzfxqkqrf5ut5ny,"",,false,,3,,1681401301100
kgtsrgkuzpbdtf37o9s56cy77w,1669047839707,1669700644145,0,dkhmcuy1rtbe9e413ysj641uqa,O,times_39æœŸç”Ÿ_Sakamoto_toi,times-39-sakamoto-toi,"","",1681401303652,4,0,emur9edpqpd3pg6jc5g8iz1rcy,"",,false,,4,,1681401303652
g81qdbm1ibrdzyrmcuhrti38fa,1667540707178,1667540707178,0,dkhmcuy1rtbe9e413ysj641uqa,O,times_39æœŸç”Ÿ_sakiyama_yuuta,times_39_sakiyama_yuuta,"","",1681813875163,215,0,qogpnz8gotb3bx5ou8jzghc76a,"",,false,,179,,1681813783585
8fdui3q3ujb7pmrruq7xpk13uy,1667972318671,1667972381918,0,dkhmcuy1rtbe9e413ysj641uqa,O,times_39æœŸç”Ÿ_seki_kenta,times_39_seki_kenta,"","",1681401306775,2,0,k5uc6b6thfgf9n6qfuuhjy8snr,"",,false,,2,,1681401306775
qcbg1mkcm3b3xbff6z8rq73zbr,1667286950725,1667906560344,0,dkhmcuy1rtbe9e413ysj641uqa,O,times_39æœŸç”Ÿ_sugiura_mamoru,times_39_sugiura_mamoru,"","",1681401309236,14,0,y71bpqno7bnk5jy7o43d7ypwyo,"",,false,,11,,1681401309236
8ddqhrzai7g6xyyom8yxd3a3tw,1668085325886,1668858161922,0,dkhmcuy1rtbe9e413ysj641uqa,O,times_39æœŸç”Ÿ_suzuki_seiya,times_39_suzuki_seiya,"","",1681401312527,3,0,33d77h96yiffuxa9y3j8efwfgy,"",,false,,3,,1681401312527
5kkwx1rbwtyhifwtoihckhxq9c,1667230170792,1680960085362,0,dkhmcuy1rtbe9e413ysj641uqa,O,times_39æœŸç”Ÿ_takagi_kouta,times_39_takagi_kouta,"twitterã§ã™
https://twitter.com/YA3lrpq2PnRc3ge","",1682084765820,77,0,w4q5doeh77gtzeq7h4jttzz3ur,"",,false,,75,,1682084765820
mu4f4supibdsugosxxh7m53ogh,1667886113094,1667886113094,0,dkhmcuy1rtbe9e413ysj641uqa,O,times_39æœŸç”Ÿ_uchino_natsumi,times_39_uchino_natsumi,"","",1681401316399,31,0,p8364tpdz7bb9g8unugsptcixa,"",,false,,31,,1681401316399
fezts8o53bfdp8rjp5m3sz41tw,1667801316318,1667877314264,0,dkhmcuy1rtbe9e413ysj641uqa,O,times_39æœŸç”Ÿ_ueyama_shoma,times-39-ueyama-shoma,"","",1681401354668,11,0,pncqypx37ig3fbcbym7a3uz16y,"",,false,,11,,1681401354668
su5u8tdjdprs9gzzfqb9uf6o9h,1669723161879,1669723339395,0,dkhmcuy1rtbe9e413ysj641uqa,O,times_39æœŸç”Ÿ_watanabe_risa,times-39-watanabe-risa,"","",1681401356965,2,0,a1b8rjk31pyrpbpnbz51z3ws6r,"",,false,,2,,1681401356965
jm9tgehjkin3tkaegtu19ise8h,1668836841948,1668857840970,0,dkhmcuy1rtbe9e413ysj641uqa,O,times_39æœŸç”Ÿ_yamaguchi_yuki,times_39_yamaguchi_yuki,ã‚,"",1681401359499,6,0,xp1ps43ua7noig4ymf65nwr1oc,"",,false,,6,,1681401359499
k6a8w5j4gby7fktb15hrcgoemo,1668817929501,1668837488407,0,dkhmcuy1rtbe9e413ysj641uqa,O,times_39æœŸç”Ÿ_yamamoto_daichi,times_39th_yamamoto_daichi,"","",1681401362105,54,0,bix78zgfo7yr98rmqdx97u3ado,,,,,53,,1681401362105
gadr7fti1jf8ukfxobo1eo6jmr,1669528298002,1669700405932,0,dkhmcuy1rtbe9e413ysj641uqa,O,times_39æœŸç”Ÿ_yamamoto_shunpei,times-39-yamamoto-shunpei,"","",1681401364347,7,0,mqizsbgoxt8h9pmr77kuu1p8ee,"",,false,,7,,1681401364347
ugsd8ie9j3bgmkziok1g8wd8sw,1667815295929,1667815295929,0,dkhmcuy1rtbe9e413ysj641uqa,O,times_39æœŸç”Ÿ_yamanaka_ryusei,times_39_yamanaka_ryusei,"","",1681482078615,180,0,nh9ybazeyf8mzkujdxnbs78ppr,"",,false,,169,,1681482078615
qpofn8fpqfbaxb4rf5de3pnghw,1666947614381,1666947614381,0,dkhmcuy1rtbe9e413ysj641uqa,O,times_39æœŸç”Ÿ_yokoyama_taichi,times_39_yokoyama_taichi,"","",1682073254936,438,0,nzkxhyjxcfyz5kwquj6xchuj4o,"",,false,,333,,1682073254936
y56ao1f1df8xtx7qgawfinprjr,1670298321352,1670298321352,0,dkhmcuy1rtbe9e413ysj641uqa,O,times_40æœŸç”Ÿ_aoyama_chisato,times_40_aoyama_chisato,"","",1682000780157,160,0,nu975n8z53gy8nqwtdh8c7erbw,"",,false,,125,,1682000780157
dk46ieaosfgj7c5b9a9c3ecfwa,1671001960594,1671001960594,0,dkhmcuy1rtbe9e413ysj641uqa,O,times_40æœŸç”Ÿ_arai_sho,times_40_arai_sho,"","",1681051790142,87,0,te8s94bw6tgd8cywwrt7ramm7c,"",,false,,86,,1681051790142
o1hoebamcf8x9j5ky915qc3wyy,1670083056808,1671184687305,0,dkhmcuy1rtbe9e413ysj641uqa,O,times_40æœŸç”Ÿ_fukasawa_moe,times_39_fukasawa_moe,"","",1682092054156,180,0,naoz8f53f3ymtci1ymww3jqmdc,"",,false,,133,,1682092054156
npr9e16347ygix5w1jjeko9iba,1671538050872,1671538096203,0,dkhmcuy1rtbe9e413ysj641uqa,O,times_40æœŸç”Ÿ_fukuda_takuma,times_40_fukuda_takuma,"","",1681032687759,28,0,1oqczjabbtyddkzpbkxz83jz4e,"",,false,,23,,1681032687759
grn6nxdyh7ddidffu4hsp9p7ko,1671538080940,1671538080940,0,dkhmcuy1rtbe9e413ysj641uqa,O,times_40æœŸç”Ÿ_hata_yujiro,times_40_hata_yujiro,"","",1681401376817,1,0,rqdudg55dffofnchkfksp3jkua,"",,false,,1,,1681401376817
1p7ngamj17ripp8uzu14zemb1h,1670988820460,1671514931843,0,dkhmcuy1rtbe9e413ysj641uqa,O,times_40æœŸç”Ÿ_hayashi_toshihiro,times-40-hayashi-toshihiro,"","",1681401380072,35,0,5yyp89jentfwmm65yi1mksij9e,"",,false,,35,,1681401380072
7z7rxb69jpgmxnnx7wny1c7p3r,1671540847829,1671540847829,0,dkhmcuy1rtbe9e413ysj641uqa,O,times_40æœŸç”Ÿ_hiraishi_shibuki,times_40_hiraishi_shibuki,"","",1681683259613,1,0,gc6q3jrbcig6ibh74s96ku5igc,"",,false,,1,,1681683259613
cd57es8rmifabxc1hsuwg1hwbo,1669598372775,1669598450060,0,dkhmcuy1rtbe9e413ysj641uqa,O,times_40æœŸç”Ÿ_hirashima_yukari,times-40-hirashima-yukari,"","",1681735295038,52,0,nxmnhijkh7dsum546q9abrpjwe,"",,false,,50,,1681735295038
z46aftwbgi8sucxt3gjwsiuf8o,1669179380322,1676849332382,0,dkhmcuy1rtbe9e413ysj641uqa,O,times_40æœŸç”Ÿ_ideta_naoya,times_40_ideta_naoya,[<å­¦ç¿’ï½±ï½²ï¾ƒï¾‘ï¾˜ï½½ï¾„>](https://spice-cellar-32e.notion.site/04676ed50cdc48ed8d9e6d859600bd36),"",1681100918636,138,0,mngrhfizgjbydrbqfqmywdk7zo,"",,false,,130,,1681100918636
qfyigj91gfryi86wasz7eytc5o,1670668686069,1670668686069,0,dkhmcuy1rtbe9e413ysj641uqa,O,times_40æœŸç”Ÿ_inoue_tadashi,times_40_inoue_tadashi,"","",1682088824767,127,0,ye1hnnzeftnmdqfkntp33uunkc,"",,false,,125,,1682088824767
7kyucbbpjjnd984d5bwc7coewc,1671538037718,1671538037718,0,dkhmcuy1rtbe9e413ysj641uqa,O,times_40æœŸç”Ÿ_ishida_kouhei,times_40_ishida_kouhei,"","",1681401390359,6,0,1qdaybuoitnb8p6i8owz33hz4w,"",,false,,6,,1681401390359
afhkbgwikfy7zp195n337z1bxw,1669735969503,1669736047000,0,dkhmcuy1rtbe9e413ysj641uqa,O,times_40æœŸç”Ÿ_kobayashi_taisei,times-40-kobayashi-taisei,"","",1681401392900,6,0,en8z7bw78pbs98cki41xpjf6rr,"",,false,,6,,1681401392900
ytunfhhr47ys7qatufhfx9ynuc,1671174661362,1671174661362,0,dkhmcuy1rtbe9e413ysj641uqa,O,times_40æœŸç”Ÿ_kondo_tomoki,times_40_kondo_tomoki,"","",1681891429276,2,0,yji4ya993fd49ni8g3ke74ibnc,"",,false,,2,,1681891429276
asjsihgq4fddfpcefrceq63c6c,1670672597232,1670672597232,0,dkhmcuy1rtbe9e413ysj641uqa,O,times_40æœŸç”Ÿ_kurata_masato,times_40_kurata_masato,"","",1681683268609,42,0,8sb9anocx3gn9kuppzfr6sgwpy,"",,false,,27,,1681683268609
9kyqx1431jdhd8ug5pjy83mkna,1671460130957,1671538011145,0,dkhmcuy1rtbe9e413ysj641uqa,O,times_40æœŸç”Ÿ_kuroiwa_nagisa,times_40_kuroiwa_nagisa,"","",1681101293064,12,0,hn1hzt6tk78bffgsacfaa33giy,"",,false,,12,,1681101293064
cg4tjsr18tdwfpxzcmapjc3edc,1669283160358,1669283160358,0,dkhmcuy1rtbe9e413ysj641uqa,O,times_40æœŸç”Ÿ_muraki_kenta,times_40_muraki_kenta,"","",1681188466305,92,0,nixcio1b1trm5m5b7fyny39hpe,"",,false,,61,,1681188466305
bkw8znaerjd8dmcdqtj7i9xpuw,1671269387412,1674316509755,0,dkhmcuy1rtbe9e413ysj641uqa,O,times_40æœŸç”Ÿ_nagano_shunta,times_40_nagano_shunta,[Twitter@__nagano_log](https://twitter.com/__nagano_log),"",1681401411632,21,0,84qngshja3fwmqjpdekmk38r8w,"",,false,,21,,1681401411632
7ma5xw6yi3fmzjbaaas46xpzch,1670654684126,1670654778458,0,dkhmcuy1rtbe9e413ysj641uqa,O,times_40æœŸç”Ÿ_nakajima_yusuke,times_40makajima_yusuke,"","",1682032467696,134,0,z5wnun5hb7bntx7q8ztctsw5qc,"",,false,,103,,1682032467696
63wkgtszsbbsu8hwbe965xwm4y,1671518903089,1671538086819,0,dkhmcuy1rtbe9e413ysj641uqa,O,times_40æœŸç”Ÿ_nambu_mitsusato,mitsusato_nambu_40,"","",1681401415976,70,0,bqbw4kmtfprdjdujq4781s7fpw,"",,false,,59,,1681401415976
rsfqy1nd4p8mifb1di3buea31h,1670503627350,1670503627350,0,dkhmcuy1rtbe9e413ysj641uqa,O,times_40æœŸç”Ÿ_nishino_mitsuhiro,times_40_nishino_mitsuhiro,"","",1682085518823,198,0,sfau6xhoqt88tfjyn34d3rynph,"",,false,,140,,1682085306233
mcf6gz76yigwbm978eu8qxj6xw,1670321191264,1670321191264,0,dkhmcuy1rtbe9e413ysj641uqa,O,times_40æœŸç”Ÿ_okabe_yuki,times_40_okabe_yuki,"","",1682059347860,524,0,j4odesjqcfyj5k9br5nfpyq38w,"",,false,,264,,1682059116749
b713rs37s7ydjntb97c8tyaz8o,1671515029850,1671515029850,0,dkhmcuy1rtbe9e413ysj641uqa,O,times_40æœŸç”Ÿ_ono_shunpei,times_40_ono_shunpei,"","",1681401423382,7,0,dgnqhkyd57fdte8ghn8fm46zjy,"",,false,,7,,1681401423382
9xwuh38q7bd3d8pwtadeb4ez4r,1669385425551,1680865928333,0,dkhmcuy1rtbe9e413ysj641uqa,O,times_40æœŸç”Ÿ_ota_miyu,times_40_ota_miyu,:twitter: [Twitter](https://twitter.com/mi_ai_newlife)ã€€:notion: [My Page](https://secret-citron-a58.notion.site/RUNTEQ-9c70c292977a4bcbb612b3eab620e287)ã€€:notion: [ãƒ†ãƒ³ãƒ—ãƒ¬ãƒ¼ãƒˆ](https://secret-citron-a58.notion.site/c4ee4995bafc4162994318673f7d44e0)ã€€:notion: [åŸä½“é¨“](https://secret-citron-a58.notion.site/177997e1f9814f4b8b6da55b6944c676),"",1682078980383,254,0,tokss7rq1pgq7g67qbwto81t9e,"",,false,,138,,1682078980383
cj3isoj1abrpjqk65xrgxr5ifh,1670511840178,1670511840178,0,dkhmcuy1rtbe9e413ysj641uqa,O,times_40æœŸç”Ÿ_sakurai_kazuma,times_40_sakurai_kazuma,"","",1682030556326,245,0,8d6umk16ojfutgnjnnbd3qb5wc,,,,,204,,1682030556326
u4k8oisw9pb48nw15gpyz9fz7h,1670661956606,1670661956606,0,dkhmcuy1rtbe9e413ysj641uqa,O,times_40æœŸç”Ÿ_sato_keita,times_40_sato_keita,"","",1681648273628,30,0,76ay1n8s8jnb8qcgphwr957k7r,"",,false,,18,,1681648273628
mqs4ax786bfx3xnwnusjq5m9dc,1670936316388,1670936316388,0,dkhmcuy1rtbe9e413ysj641uqa,O,times_40æœŸç”Ÿ_shima_yoshimi,times_40_shima_yoshimi,"","",1681829026188,41,0,cgf7nrgibif8ixet3pxzxs3hmy,"",,false,,28,,1681829026188
tn3ddqfoap8mpj3fxisaxtanfe,1671365363929,1671365363929,0,dkhmcuy1rtbe9e413ysj641uqa,O,times_40æœŸç”Ÿ_sumikawa_chinatsu,times_40_sumikawa_chinatsu,"","",1681908502600,112,0,azoniwi3f7d5ukj3ipsfwqhuhr,"",,false,,103,,1681908502600
s14cd8ha6irx7b8qsd6ej3bp1y,1671448393889,1681048964217,0,dkhmcuy1rtbe9e413ysj641uqa,O,times_40æœŸç”Ÿ_takahashi_yumi,times_40_takahashi_yumi,"ã‚†ãƒ¼ã‚Šã‚“ã¡ãƒ¼@40æœŸ
https://twitter.com/yum1_runteq_40","",1681683151840,24,0,p7wzst8cgbgzze5e8rusjemx5h,"",,false,,23,,1681683151840
wf1aapozjby4mbc5iuyjy4pfja,1671599128064,1671599128064,0,dkhmcuy1rtbe9e413ysj641uqa,O,times_40æœŸç”Ÿ_takasu_kota,times_40_takasu_kota,"","",1681401439113,0,0,jy3o8xhtnt8n9cgeryetcufuay,"",,false,,0,,1681401439113
ccr5571ikfn65q6donnqqmpa9r,1670315047901,1670315047901,0,dkhmcuy1rtbe9e413ysj641uqa,O,times_40æœŸç”Ÿ_takimoto_nozomi,times_40_takimoto_nozomi,"","",1681101304124,10,0,phpdzyaduibwdcsfzigqs3w4kr,"",,false,,10,,1681101304124
rxyc68izmi8zzqpnm7t8r49h5e,1670524510927,1670524510927,0,dkhmcuy1rtbe9e413ysj641uqa,O,times_40æœŸç”Ÿ_tanaka_naoto,times_40_tanaka_naoto,"","",1682090420265,139,0,8r3xy6rfwpby9jskypa5836xfa,"",,false,,96,,1682090420265
zmnsfas347diidpqcygt9orkrc,1671364533223,1671364533223,0,dkhmcuy1rtbe9e413ysj641uqa,O,times_40æœŸç”Ÿ_tanaka_shizuho,times_40_tanaka_shizuho,"","",1680799912880,130,0,he9rt88q6jggfxh57exkioahre,"",,false,,115,,1680799912880
c9wc45msbffefyho3esr7s8bda,1671706985683,1671706985683,0,dkhmcuy1rtbe9e413ysj641uqa,O,times_40æœŸç”Ÿ_tanaka_taiichiro,times_40_tanaka_taiichiro,"","",1681188524391,15,0,5f7t1sp9pfgnfbq4iy3ord3cmw,"",,false,,12,,1681188524391
8zmihprywp8gdejxsnzspawyfo,1669811668121,1669811668121,0,dkhmcuy1rtbe9e413ysj641uqa,O,times_40æœŸç”Ÿ_tateno_hiroka,times_40_tateno_hiroka,"","",1681101308048,27,0,rj69w3sh8fgrtqgd9xk19mdwbh,"",,false,,23,,1681101308048
3fuqqadprindpetukx6d1f9f8r,1670420767705,1670420767705,0,dkhmcuy1rtbe9e413ysj641uqa,O,times_40æœŸç”Ÿ_tsuchida_shiori,times_40_tsuchida_shiori,"","",1682030158763,326,0,xuf8ynhjijbgdnuur4zhe4wwko,,,,,214,,1682030158763
rnkyggajt3859rgyuegerqgtqc,1670843554973,1670843554973,0,dkhmcuy1rtbe9e413ysj641uqa,O,times_40æœŸç”Ÿ_uranishi_shintaroh,times_40_uranishi_shintaroh,"","",1681401450265,10,0,jmbbcepjhpdddk83khkkgdjdia,"",,false,,10,,1681401450265
igigknnz67fh3p5xxt1d7drmrw,1671514887085,1671515053040,0,dkhmcuy1rtbe9e413ysj641uqa,O,times_40æœŸç”Ÿ_watanabe_kenji,times_40_kenji-_watanabe,"","",1681058451695,18,0,s6owzknei7bg5jwo5sjk1oaijh,"",,false,,18,,1681058451695
fifunf51y3d3t895xi47osop8c,1671531944972,1676561679072,0,dkhmcuy1rtbe9e413ysj641uqa,O,times_40æœŸç”Ÿ_yamabe_mikako,times_40_yamabe_mikako,:twitter: [Twitter](https://twitter.com/V7Fr1),"",1682087321229,151,0,gwkmupummpb8pmoak6pkgipz3c,"",,false,,111,,1682087321229
si6ftyn6rpdqdmc45ibwigsuuo,1673399347862,1677419702475,0,dkhmcuy1rtbe9e413ysj641uqa,O,times_41æœŸç”Ÿ_arai_ryota,times_41_arai_ryota,":twitter: [Twitter](https://twitter.com/ghost_in_the_pg)
:notebook: [note](https://note.com/ryota_a)","",1682076547269,217,0,w9qdsqzcapbtpynyaunf7997zo,,,,,167,,1682076547269
fbgrx865pj8k7gc79miqu3hfzy,1673078608552,1673078608552,0,dkhmcuy1rtbe9e413ysj641uqa,O,times_41æœŸç”Ÿ_asahi_ryosuke,times_41_asahi_ryosuke,"","",1682090442269,94,0,591iograibgnbmg9715tifr9ty,"",,false,,75,,1682090442269
438jqjcdgbdzin78dost9stqza,1673330094680,1673330094680,0,dkhmcuy1rtbe9e413ysj641uqa,O,times_41æœŸç”Ÿ_dogo_shumpei,times_41_dogo_shumpei,"","",1682003179695,35,0,9me6axkn3jr1jfoo4hwzi4fhey,"",,false,,35,,1682003179695
w1bca7exatg4upft1posidbppe,1671635268687,1671635268687,0,dkhmcuy1rtbe9e413ysj641uqa,O,times_41æœŸç”Ÿ_fujisaki_kengo,times_41_fujisaki_kengo,"","",1682092576053,46,0,gw1cr6mkabybibbwch8qcb35xy,"",,false,,43,,1682092299789
xhp5qtsrwiftmgo98in1amr9sw,1674129148403,1674129148403,0,dkhmcuy1rtbe9e413ysj641uqa,O,times_41æœŸç”Ÿ_furukoshi_seika,times_41_furukoshi_seika,"","",1682006108398,25,0,3d8rnt7gy3g1bq1hrchbxka4qa,"",,false,,20,,1682006108398
4j9qqamcn38atp5nzae8s6oity,1674886101859,1679785232853,0,dkhmcuy1rtbe9e413ysj641uqa,O,times_41æœŸç”Ÿ_hagihara_misato,times_41_hagihara_misato,[:twitter: Twitter](https://twitter.com/@sumomomomomowoo) [:notion: Notion](https://scratched-acorn-838.notion.site/Ruby-on-rails-e88ee34925db47dd91eb9ded4f7d35df),"",1682074327563,167,0,d7b689p3gb8buyupw5d5phrxgo,"",,false,,149,,1682074327563
bobbz6h56pnw9dtzefcw4fwsxy,1672556059979,1672556059979,0,dkhmcuy1rtbe9e413ysj641uqa,O,times_41æœŸç”Ÿ_hagiya_ryo,times_41_hagiya_ryo,"","",1682003400899,103,0,3chpn4cr3pgepkuprsypzrbtwh,"",,false,,101,,1682003400899
jsbenkynzbgbd85nwwo3o5a77y,1674906116450,1674906116450,0,dkhmcuy1rtbe9e413ysj641uqa,O,times_41æœŸç”Ÿ_hayashi_yuta,times_41_hayashi_yuta,"","",1682003188652,1,0,hifzhzfxyfn65b6wokqnqbdugr,"",,false,,1,,1682003188652
y55hbqmc8fgq9ye19oh4ofcoih,1674886607480,1675048488725,0,dkhmcuy1rtbe9e413ysj641uqa,O,times_41æœŸç”Ÿ_higashida_kentaro,times_41_kentaro_higashida,"","",1682073247858,13,0,i3phozbokir4icz3x3jcj3985a,"",,false,,7,,1682073247858
enorxebzcpdape65g8o6mwf8tr,1674745864269,1674886374259,0,dkhmcuy1rtbe9e413ysj641uqa,O,times_41æœŸç”Ÿ_hinai_kaori,times_41_hinai_kaori,"","",1682003248509,34,0,3frpjpukwj8fd8ox961eegbsty,"",,false,,29,,1682003248509
rj3e3s81o3rymc3dcyfwm87tow,1672891737769,1676334504059,0,dkhmcuy1rtbe9e413ysj641uqa,O,times_41æœŸç”Ÿ_hitotsuki_tomoki,times_41_hitotsuki_tomoki,:twitter: (https://twitter.com/hitotsukitomoki),"",1682003424801,142,0,dkyhuauyf3gnxkwk5ohhccoqew,"",,false,,118,,1682003424801
j9knkxu4478fxqzhxbjphws35w,1674885593147,1682085766147,0,dkhmcuy1rtbe9e413ysj641uqa,O,times_41æœŸç”Ÿ_hosoda_tomoya,times_41_hosoda_tomoya,:twitter: [Twitter](https://twitter.com/tomoyaa2522),"",1682085766157,45,0,zxycw3r8cid4jk4wc7kdwf6imw,"",,false,,43,,1682085766157
g3ez4crg9prtdfuo981kcitozh,1674885734779,1674885734779,0,dkhmcuy1rtbe9e413ysj641uqa,O,times_41æœŸç”Ÿ_ichikawa_kaito,times_41_ichikawa_kaito,"","",1682003174698,15,0,axu5s6irhjneuyruhuqjjapq7c,"",,false,,11,,1682003174698
uifsxggnyt8wtghjjcmq7nq5qw,1674129166916,1674129166916,0,dkhmcuy1rtbe9e413ysj641uqa,O,times_41æœŸç”Ÿ_igarashi_jun,times_41_igarashi_jun,"","",1682003540525,1,0,xh633hh9zbfc8nfg81casfog6o,"",,false,,1,,1682003540525
zn9jwtcajffm88zsfh6abhnwme,1674851256820,1674851256820,0,dkhmcuy1rtbe9e413ysj641uqa,O,times_41æœŸç”Ÿ_iinuma_kento,times_41_iinuma_kento,"","",1682003326699,2,0,wc9itqqhtj8wucj6yz3eu673yw,"",,false,,2,,1682003326699
3cgreqapwbddxbu6it9rqus99o,1673780990559,1673781092913,0,dkhmcuy1rtbe9e413ysj641uqa,O,times_41æœŸç”Ÿ_imai_ryo,times-41-imai-ryo,"","",1682003331370,10,0,hkoco5chj3drdy844erigmt8qr,"",,false,,8,,1682003331370
mfk6s9yfeidifmp49fnduf389w,1674747450572,1674747450572,0,dkhmcuy1rtbe9e413ysj641uqa,O,times_41æœŸç”Ÿ_imanaka_momona,times_41_imanaka_momona,"","",1682094302150,114,0,u7zywpepyib8ufyn6zt4kynoja,"",,false,,89,,1682093549541
d9t3yo1fffbw5fo51z6fbnxbya,1674872821508,1674886385657,0,dkhmcuy1rtbe9e413ysj641uqa,O,times_41æœŸç”Ÿ_inoue_yukiko,times_41_inoue_yukiko,"","",1682082919163,61,0,x49xdqimwtyujct8dfqnjb78zw,"",,false,,61,,1682082919163
b4rjpgpnyt8szjjq5868gszsda,1674129436718,1674129650500,0,dkhmcuy1rtbe9e413ysj641uqa,O,times_41æœŸç”Ÿ_kagita_nanami,times-41-kagita-nanami,"","",1682003193886,2,0,um9cgopk5idt8fkzp66prjkzny,"",,false,,2,,1682003193886
jedgkha7rbnb3y8uqm9qnjcb9a,1673841316979,1673841316979,0,dkhmcuy1rtbe9e413ysj641uqa,O,times_41æœŸç”Ÿ_kikuchi_yumi,times_41_kikuchi_yumi,"","",1682003368013,4,0,j7woiqu9tbfj8nmipruuyhqchw,"",,false,,4,,1682003368013
3qwzis6kstyqdmqxrj9g9zn1by,1674886211005,1674886211005,0,dkhmcuy1rtbe9e413ysj641uqa,O,times_41æœŸç”Ÿ_kiryuu_aisa,times_41_kiryuu_aisa,"","",1682003315917,2,0,d65dbqc8zj8rjquhtmywrgfyfr,"",,false,,2,,1682003315917
c1j5ngcp878r8kuy1nr91rg3xw,1672878790056,1672878790056,0,dkhmcuy1rtbe9e413ysj641uqa,O,times_41æœŸç”Ÿ_koiwa_marino,times_41_koiwa_marino,"","",1682003420314,29,0,9g7sq7es8tbipdrz1qgez5quma,"",,false,,19,,1682003420314
uwhsmnon5t86imzuze9fx9nnar,1673351693973,1673351725705,0,dkhmcuy1rtbe9e413ysj641uqa,O,times_41æœŸç”Ÿ_kondo_haruko,times41kondo_haruko,"","",1682003204093,1,0,bhk8fx18tf8jzkg99urwo6rtmw,"",,false,,1,,1682003204093
mfgodq51kjrybg4ocxtspn5bua,1674573401233,1674573401233,0,dkhmcuy1rtbe9e413ysj641uqa,O,times_41æœŸç”Ÿ_koseki_shuhei,times_41_koseki_shuhei,"","",1682089584151,51,0,m6nmckmxpir5fdoearkera5r7w,"",,false,,49,,1682089584151
ojfaw3iybjrt7k4kpwsc6cxfro,1674647314370,1674647545515,0,dkhmcuy1rtbe9e413ysj641uqa,O,times_41æœŸç”Ÿ_kuramoto_wataru,times-41-kuramoto-wataru,"","",1682003232642,4,0,so6y3wj6mbyfbmfk5ijt94dzic,"",,false,,4,,1682003232642
aeqx4k81h7d38ph8keo6sfj3ir,1671458827811,1674176129754,0,dkhmcuy1rtbe9e413ysj641uqa,O,times_41æœŸç”Ÿ_matsuoka_nana,times_41_matsuoka_nana,ã‚„ã¾ãªã¨ç”³ã—ã¾ã™ï¼è‹±èªã®å‹‰å¼·ã‚’ã—ãŸã‚Šï¼ˆè©±ã›ã¾ã›ã‚“ï¼‰ã€YouTubeã§ç¾è¡“ãƒãƒ£ãƒ³ãƒãƒ«ã‚’è¦³ãŸã‚Šï¼ˆçŸ¥è­˜ã‚‚ã‚»ãƒ³ã‚¹ã‚‚ã»ã¼ã‚ã‚Šã¾ã›ã‚“ï¼‰ã™ã‚‹ã“ã¨ã«ãƒãƒã£ã¦ã¾ã™ã€‚ã•ã‚ãŒã‚“ã°ã‚‹ã§ãƒ¼ã€‚,"",1682014344299,146,0,smd67nxbyjbd3b8nmidbewg3gc,"",,false,,98,,1682014344299
uhqy4g9gmtb1dg6xka95rhs9ho,1673249282584,1676120669290,0,dkhmcuy1rtbe9e413ysj641uqa,O,times_41æœŸç”Ÿ_miki_nozomi,times_41_miki_nozomi,Twitter(@miki_41_),"",1682087036396,201,0,j9ruu9pjfibeuytgyrm3ubrr7c,"",,false,,148,,1682087036396
8dmtp5gxyjd3bdjx9adza3phpo,1672260050963,1672260050963,0,dkhmcuy1rtbe9e413ysj641uqa,O,times_41æœŸç”Ÿ_nakajima_hayaki,times_41_nakajima_hayaki,"","",1682003415640,50,0,dey1571cntn7mgrd1haw1ox9jh,"",,false,,50,,1682003415640
zsewiumsspfsimya1oqj78gpgw,1672909004086,1672909004086,0,dkhmcuy1rtbe9e413ysj641uqa,O,times_41æœŸç”Ÿ_nakamura_kazuki,times_41_nakamura_kazuki,"","",1682079945503,87,0,a7ekhrs89pbe7pmsk1jskinp5c,"",,false,,78,,1682079945503
xtgju6cmfjyajrnen5hpd7s57h,1673330068067,1673330068067,0,dkhmcuy1rtbe9e413ysj641uqa,O,times_41æœŸç”Ÿ_nakano_ayana,times_41_nakano_ayana,"","",1682003508752,21,0,6itidd8a1bngbgizbqbhiyzkdo,"",,false,,18,,1682003508752
5txyf9zwnircmy49zarb11twbh,1674129152224,1674129152224,0,dkhmcuy1rtbe9e413ysj641uqa,O,times_41æœŸç”Ÿ_nakano_daichi,times_41_nakano_daichi,"","",1682003523582,58,0,yk1txy851pr33ymj3ggft9fpno,,,,,50,,1682003523582
ua46tzipmbbexr76dy786sro4o,1674129498375,1674129536066,0,dkhmcuy1rtbe9e413ysj641uqa,O,times_41æœŸç”Ÿ_nakaoka_yumiko,times_41_nakaoka_yumiko,"","",1682003512990,8,0,bxgdasgbf7fdxmjgtx1iutn37c,"",,false,,7,,1682003512990
m3c8rag5bjrbifesq4uq77apuw,1674275450771,1674275450771,0,dkhmcuy1rtbe9e413ysj641uqa,O,times_41æœŸç”Ÿ_nakayama_yuta,times_41_nakayama_yuta,"","",1682003411006,0,0,5gu7g935o3yyx8gndk36qzbixw,"",,false,,0,,1682003411006
3t4crty3t3b8b89m6z68zye8pr,1674892722490,1674905726253,0,dkhmcuy1rtbe9e413ysj641uqa,O,times_41æœŸç”Ÿ_nishikawa_yusaku,tiimes_41_nishikawa_yusaku,"","",1682003530021,35,0,8zzpr1dghibopx7opy4otkztqr,"",,false,,33,,1682003530021
hhu6o3aw4pbtbed7tbt7aegegc,1673711563849,1673711730734,0,dkhmcuy1rtbe9e413ysj641uqa,O,times_41æœŸç”Ÿ_nozaki_eri,times-41-nozaki-eri,"","",1682003301738,4,0,twib36c6tprimdc3g6ueuxbmao,"",,false,,2,,1682003301738
hxywqoerjfyidkmu4cp9haq7hy,1674095556858,1674095556858,0,dkhmcuy1rtbe9e413ysj641uqa,O,times_41æœŸç”Ÿ_ogura_reijiro,times_41_ogura_reijiro,"","",1682003209740,45,0,murm9efbj3bjiemdpiu8dfq6yy,"",,false,,45,,1682003209740
wnpxhkhgzbgtm8pyupqfp8z7ha,1672576143315,1675901072532,0,dkhmcuy1rtbe9e413ysj641uqa,O,times_41æœŸç”Ÿ_okimura_hiroshi,times_41_okimura_hiroshi,:twitter: [Twitter](https://twitter.com/takutaku_hiro),"",1682003535348,133,0,up79k3186pnmbkum4q1ok4y1de,"",,false,,115,,1682003535348
fby861d4ztysue7p5kei34w8gc,1674910197016,1674910299267,0,dkhmcuy1rtbe9e413ysj641uqa,O,times_41æœŸç”Ÿ_orii_miho,times_41_miho_orii,"","",1682003363200,1,0,4spm4rqi8pg9jbmqzf8q1xksoy,,,,,1,,1682003363200
47b3yhqx67gj9jf3t6j8qmp3ya,1673065855610,1674287804146,0,dkhmcuy1rtbe9e413ysj641uqa,O,times_41æœŸç”Ÿ_otsubo_yasuhiro,times_41_otsubo_yasuhiro,https://docs.google.com/spreadsheets/d/10c0kr4XSqtlVWDk_CLwWMtf4Cz0gGHTccZxp7wHur1A/edit#gid=1792626144,"",1682003184384,8,0,7uoktfugw38s3drfgxez4bjqzc,"",,false,,8,,1682003184384
9jnrn1fj43bgpm1ono7akefpow,1673240210800,1677327215071,0,dkhmcuy1rtbe9e413ysj641uqa,O,times_41æœŸç”Ÿ_sakata_kei,times_41_sakata_kei,:twitter: [Twitter](https://twitter.com/mimi048599/),"",1682003518149,45,0,7rq76ucopbdjdnz7d9hdof1uje,"",,false,,45,,1682003518149
1c77zp1kipdoipi7o46r7fffar,1674115441085,1674115441085,0,dkhmcuy1rtbe9e413ysj641uqa,O,times_41æœŸç”Ÿ_shimizu_ayaka,times_41_shimizu_ayaka,"","",1682003290939,24,0,xnjaug3cf7g55gif741g5nk14h,"",,false,,24,,1682003290939
sbytajdpbbry5q14s5n5a6hdhr,1674834018605,1674834018605,0,dkhmcuy1rtbe9e413ysj641uqa,O,times_41æœŸç”Ÿ_shimizu_yuji,times_41_shimizu_yuji,"","",1682003163356,10,0,otw4w6uemt817y4w41npqeto9o,"",,false,,10,,1682003163356
gaty5njk8jdsbkt564kbhq6q7h,1674528598852,1674528598852,0,dkhmcuy1rtbe9e413ysj641uqa,O,times_41æœŸç”Ÿ_shimizu_yuki,times_41_shimizu_yuki,"","",1682074361195,97,0,kakostin6id43jjjrn8m56msuo,"",,false,,97,,1682074361195
5fiie8rm43nr9xjxw7g3ygt8fh,1674287385859,1674287385859,0,dkhmcuy1rtbe9e413ysj641uqa,O,times_41æœŸç”Ÿ_shimosaka_jinta,times_41_shimosaka_jinta,"","",1682089792591,133,0,f7dtb77ypfdgup1h7pt7fg341o,"",,false,,110,,1682089792591
rkoqi6ozd7dcighha3dfheiwdy,1673314712920,1678327510352,0,dkhmcuy1rtbe9e413ysj641uqa,O,times_41æœŸç”Ÿ_shiraishi_momoka,times_41_shiraishi_momoka,https://mobile.twitter.com/momorq_41,"",1682091874607,65,0,ztr46teqmtd7dejx93o99xfspw,"",,false,,61,,1682091874607
bzm19axwntdxugicujgqffabje,1673441086807,1673441086807,0,dkhmcuy1rtbe9e413ysj641uqa,O,times_41æœŸç”Ÿ_soikawa_chihiro,times_41_soikawa_chihiro,"","",1682003157719,3,0,efd3ig6dg3bobgorwykbrt1e6y,,,,,3,,1682003157719
wz86ueigqbfb9dq6o4ruunf6ih,1673330041642,1673330041642,0,dkhmcuy1rtbe9e413ysj641uqa,O,times_41æœŸç”Ÿ_suyama_tatsuya,times_41_suyama_tatsuya,"","",1682087592717,60,0,7zmnwr681irc8rpihh11jroeer,"",,false,,60,,1682087592717
o4nywibag3ykpdstknriuzw7wa,1673771546791,1673771546791,0,dkhmcuy1rtbe9e413ysj641uqa,O,times_41æœŸç”Ÿ_takada_mio,times_41_takada_mio,"","",1682003139100,70,0,oaaz4jqw1fgf7druyw35iimkdy,"",,false,,64,,1682003139100
azxx7fh3ainc7bs6bkxyut5xkc,1673272005397,1673272005397,0,dkhmcuy1rtbe9e413ysj641uqa,O,times_41æœŸç”Ÿ_takagi_yoshino,times_41_takagi_yoshino,"","",1682093671766,102,0,dq87s6siyjbwuqmqzxj75n9prh,"",,false,,80,,1682086767763
btyp67ukatf9ibatkepjrzrafr,1674434399878,1674434399878,0,dkhmcuy1rtbe9e413ysj641uqa,O,times_41æœŸç”Ÿ_takano_kazunori,times_41_takano_kazunori,"","",1682068014344,107,0,y9noadnkspbuufmbept4r9cxfc,"",,false,,100,,1682068014344
ticcjyhjtbnb9kbgpde45dkupa,1671613619559,1671613619559,0,dkhmcuy1rtbe9e413ysj641uqa,O,times_41æœŸç”Ÿ_tamiya_naoki,times_41_tamiya_naoki,"","",1682003125765,6,0,mhema8yytjgc3j5dbwy9agupre,"",,false,,6,,1682003125765
fgdhymbf9irwppozsgt9bxd65w,1674851014265,1674886298620,0,dkhmcuy1rtbe9e413ysj641uqa,O,times_41æœŸç”Ÿ_tamura_naoya,tamura_naoya_41,"","",1682003120565,2,0,7qrtp7j5widojrk6f3y3bkqite,,,,,2,,1682003120565
1ns46gqcmibqidzwdyo9eaz6qy,1674144130798,1674144130798,0,dkhmcuy1rtbe9e413ysj641uqa,O,times_41æœŸç”Ÿ_tokutake_takafumi,times_41_tokutake_takafumi,"","",1682003115557,18,0,nnb6grm157b37ds1wtys8ofm3w,"",,false,,18,,1682003115557
t55p5by1xbd48catjb169qyg3e,1674442897503,1674886229106,0,dkhmcuy1rtbe9e413ysj641uqa,O,times_41æœŸç”Ÿ_usui_masaya,times_41usui_masaya,"","",1682082070705,38,0,sug4p1tscjy77x6qgpe8aw67ze,"",,false,,37,,1682082070705
yndpit9d63brzyzkgocf1y3yph,1674782590874,1674851321570,0,dkhmcuy1rtbe9e413ysj641uqa,O,times_41æœŸç”Ÿ_wada_kento,imes_20_tanaka_taro,"","",1682003103212,2,0,jrequympktn5xndry3h7nq3nyo,,,,,2,,1682003103212
6wjpbz9hgpnsi85sx4uxny854e,1674188587181,1674188587181,0,dkhmcuy1rtbe9e413ysj641uqa,O,times_41æœŸç”Ÿ_yamada_anji,times_41_yamada_anji,"","",1682003093167,4,0,9f1hoy84g3nnxchdfptr9fnkyh,"",,false,,4,,1682003093167
gorrx8hest88pkgczod3dd99za,1673351097311,1673351097311,0,dkhmcuy1rtbe9e413ysj641uqa,O,times_41æœŸç”Ÿ_yamaguchi_yoshiki,times_41_yamaguchi_yoshiki,"","",1682003098043,29,0,tgk547ekx7d3ux6s4azcdxprzc,"",,false,,26,,1682003098043
wxudbjc7rtdu7n6oj91xcxgyuc,1674890866356,1674896529490,0,dkhmcuy1rtbe9e413ysj641uqa,O,times_41æœŸç”Ÿ_yamamoto_koki,taimes_41,"","",1682003088211,18,0,skhr3qqy9bd6xno3wjtyx43qba,"",,false,,18,,1682003088211
ckyqgctek3d1jfbqwpf6q1hk3e,1673495965829,1673495965829,0,dkhmcuy1rtbe9e413ysj641uqa,O,times_41æœŸç”Ÿ_yanagisawa_rika,times_41_yanagisawa_rika,"","",1682003081966,17,0,s9hx5ehi7fyd5qkzjbgw4sfimc,,,,,14,,1682003081966
ue8qrskmpfbbxygbbpwe18c9sc,1674107170875,1674107432467,0,dkhmcuy1rtbe9e413ysj641uqa,O,times_41æœŸç”Ÿ_yoshida_ryuya,yoshida_ryuya_41,"","",1682003075894,25,0,x6ksu9cns7y75cbc9ozzmwinja,"",,false,,21,,1682003075894
1i3qiwc8r7dg5jpfosafjqezho,1673350907904,1673350907904,0,dkhmcuy1rtbe9e413ysj641uqa,O,times_41æœŸç”Ÿ_yoshiki_yamaguchi,times_41_yoshiki_yamaguchi,"","",1682003070269,0,0,tgk547ekx7d3ux6s4azcdxprzc,"",,false,,0,,1682003070269
xcb9tiggpjypprsz5wxqbffnyc,1674880088460,1674880088460,0,dkhmcuy1rtbe9e413ysj641uqa,O,times_41æœŸç”Ÿ_yuanwei_zhou,times_41_yuanwei_zhou,"","",1682003061198,67,0,c3bxxqi9mpbutycjzo8g6my1py,"",,false,,66,,1682003061198
u8et38yaftnbpb3i9qcwwmcfhr,1675051192562,1675051192562,0,dkhmcuy1rtbe9e413ysj641uqa,O,times_42æœŸç”Ÿ_doi_anna,times_42_doi_anna,"","",1682089660363,112,0,ksbo6k8pytfgudg8o38xafk8mo,"",,false,,97,,1682089660363
n7utgt9yf7bhxxuudw3a97eueh,1675942522739,1680628186566,0,dkhmcuy1rtbe9e413ysj641uqa,O,times_42æœŸç”Ÿ_masuda_yuto,times_42_masuda_yuto,[:notion: Notion](https://crystalline-cactus-c41.notion.site/9571bc3ee28841d78a579a69f661584a) / [:twitter: Twitter](https://twitter.com/yuT0M5d),"",1681972660433,81,0,5gbdwhinf3n9zrrxugy6gjeujo,"",,false,,65,,1681972660433
jdatkhxqkjrf7d5m4ofyuhmuho,1617878200831,1617878200831,0,dkhmcuy1rtbe9e413ysj641uqa,O,times_ã‚«ãƒ³ãƒŒãƒ¼,c01pvm7n7ev,"","",1681380004264,288,0,"",,,,,305,,1681380004264
q47bkodfzffetesa76rh3aep3y,1629855168131,1640667210380,0,dkhmcuy1rtbe9e413ysj641uqa,O,times_æ ¡é•·_hisaju,times__hisaju,[ã²ã•ã˜ã‚…ã®Twitter](https://twitter.com/hisaju01) ã€ãƒãƒ¼ãƒˆãƒ•ã‚©ãƒªã‚ªãŠæ‚©ã¿ç›¸è«‡æ‰€ã€‘ãŠæ°—è»½ã«ã©ã†ã,ãƒãƒ¼ãƒˆãƒ•ã‚©ãƒªã‚ªãŠæ‚©ã¿ç›¸è«‡æ‰€ã€‚æŠ€è¡“ã§ã‚‚ã‚¢ã‚¤ãƒ‡ã‚¢ã§ã‚‚ãŠæ‚©ã¿ã‚ã‚Œã°ã”é€£çµ¡ãã ã•ã„,1682044265198,1266,0,ndjpcp5ro3bbjfmc5nnboydzfe,"",,false,,1187,,1682044265198
xnbupss94pfwfewnq4y8ex4qcr,1617878263025,1678008473536,1678008473536,dkhmcuy1rtbe9e413ysj641uqa,O,times_è¬›å¸«_fukuhara,c01qa3k0xeg,"å¹³æ—¥ã®æ—¥ä¸­ã«ã¡ã‚‡ã“ã£ã¨ç¾ã‚Œã¾ã™

ãƒˆãƒ©ãƒ–ãƒ«ã®å‚è€ƒã«ãªã‚Šãã†ãªè³‡æ–™ã¾ã¨ã‚ï¼ˆè‡ªåˆ†ç”¨ï¼‰
https://chat.runteq.jp/runteq/pl/u3x49uu9q3gypky9jq3npag3xe

ã‚«ãƒªã‚­ãƒ¥ãƒ©ãƒ ã‚’é€²ã‚ã‚‹ä¸Šã§ã®å‚è€ƒè³‡æ–™ã¾ã¨ã‚ https://chat.runteq.jp/runteq/pl/qzmq1di4p7d6pmnxxtqdbwrz1r

ã©ã“ã‹ã§å½¹ã«ç«‹ã¡ãã†ãªè±†çŸ¥è­˜ã¾ã¨ã‚
https://chat.runteq.jp/runteq/pl/9h8nsfspzbyujbo3rq59ydif5r","",1680506995145,490,0,"",,,,,404,,1680506995145
8ee3w6yqkjfzxxcbxji3fsbiqh,1617867231495,1678008486190,1678008486190,dkhmcuy1rtbe9e413ysj641uqa,O,times_è¬›å¸«_ito,cnt7enq3s,ãƒˆãƒ”ãƒƒã‚¯ã‚’è¿½åŠ ,notes,1680506980459,366,0,"",,,,,409,,1680506980459
b9si9auod3fytrz1rk3stqyakh,1617863110119,1655023127724,0,dkhmcuy1rtbe9e413ysj641uqa,O,ã‚¿ã‚¦ãƒ³ã‚¹ã‚¯ã‚¨ã‚¢,town-square,"","",1682089518391,18,0,"",,,,,787,,1682089518391
